bus_id,parada,tiempo_atraso,costo_multa
0,Parada 3 (Intermedia),147.99488096914865,1000
0,Parada 4 (SAN VICENTE),307.78592542656406,1000
1,Parada 2 (Intermedia),238.4485520960386,1000
1,Parada 3 (Intermedia),294.28946509190973,1000
1,Parada 4 (SAN VICENTE),503.4758820037259,1000
2,Parada 3 (Intermedia),114.98350108285467,1000
2,Parada 4 (SAN VICENTE),205.74061133401847,1000
3,Parada 2 (Intermedia),5.273829203084006,1000
3,Parada 3 (Intermedia),134.08597132139903,1000
3,Parada 4 (SAN VICENTE),168.78467009679116,1000
4,Parada 2 (Intermedia),45.762270211214854,1000
4,Parada 3 (Intermedia),55.642000217807436,1000
5,Parada 2 (Intermedia),57.14878024433119,1000
5,Parada 3 (Intermedia),117.6107834193026,1000
5,Parada 4 (SAN VICENTE),391.70369202380243,1000
7,Parada 2 (Intermedia),229.7179724410953,1000
7,Parada 3 (Intermedia),364.80493474681316,1000
7,Parada 4 (SAN VICENTE),264.85773045764836,1000
8,Parada 2 (Intermedia),12.35399483080073,1000
8,Parada 4 (SAN VICENTE),86.2324666175964,1000
9,Parada 2 (Intermedia),173.76495198888279,1000
9,Parada 3 (Intermedia),293.9958814855536,1000
9,Parada 4 (SAN VICENTE),370.9526235652793,1000
12,Parada 2 (Intermedia),233.62075022358113,1000
12,Parada 3 (Intermedia),268.0530050610196,1000
12,Parada 4 (SAN VICENTE),185.65947555004823,1000
13,Parada 3 (Intermedia),144.98511082954974,1000
14,Parada 2 (Intermedia),167.3416809679511,1000
14,Parada 3 (Intermedia),318.0981768004476,1000
14,Parada 4 (SAN VICENTE),371.88212941496386,1000
15,Parada 2 (Intermedia),98.87861698119923,1000
15,Parada 3 (Intermedia),62.7996142465563,1000
17,Parada 2 (Intermedia),23.41246864716959,1000
17,Parada 3 (Intermedia),183.03395990132958,1000
17,Parada 4 (SAN VICENTE),418.28310726352174,1000
22,Parada 3 (Intermedia),3.2754692489088484,1000
22,Parada 4 (SAN VICENTE),138.87773059508618,1000
23,Parada 2 (Intermedia),212.49517215417836,1000
23,Parada 3 (Intermedia),180.28904944483838,1000
23,Parada 4 (SAN VICENTE),325.20783971643687,1000
24,Parada 2 (Intermedia),273.72407162042146,1000
24,Parada 3 (Intermedia),211.84413020610737,1000
24,Parada 4 (SAN VICENTE),124.68356219106863,1000
25,Parada 2 (Intermedia),227.91135269002007,1000
25,Parada 3 (Intermedia),85.94545936953364,1000
27,Parada 2 (Intermedia),3.266375309209252,1000
27,Parada 3 (Intermedia),174.19331804235117,1000
27,Parada 4 (SAN VICENTE),328.1990878054057,1000
28,Parada 2 (Intermedia),20.54663189158964,1000
29,Parada 4 (SAN VICENTE),108.21850037528202,1000
30,Parada 4 (SAN VICENTE),132.45442303322488,1000
31,Parada 2 (Intermedia),162.3543823821019,1000
31,Parada 3 (Intermedia),328.04328330446515,1000
31,Parada 4 (SAN VICENTE),313.4961132782446,1000
32,Parada 2 (Intermedia),50.38150461935584,1000
32,Parada 3 (Intermedia),172.7136616506068,1000
32,Parada 4 (SAN VICENTE),99.89662709131517,1000
34,Parada 3 (Intermedia),110.97448657256973,1000
34,Parada 4 (SAN VICENTE),279.9735884518632,1000
35,Parada 2 (Intermedia),202.18202458863743,1000
35,Parada 3 (Intermedia),262.99899820337305,1000
35,Parada 4 (SAN VICENTE),348.5375917522797,1000
36,Parada 2 (Intermedia),94.1639236303381,1000
36,Parada 3 (Intermedia),19.693172780691384,1000
38,Parada 2 (Intermedia),83.25391092475184,1000
38,Parada 3 (Intermedia),46.04296114664612,1000
38,Parada 4 (SAN VICENTE),229.58294567365374,1000
39,Parada 2 (Intermedia),195.980098600794,1000
39,Parada 3 (Intermedia),373.5264991519616,1000
39,Parada 4 (SAN VICENTE),542.5746144792502,1000
40,Parada 2 (Intermedia),208.08650366125948,1000
40,Parada 3 (Intermedia),307.1070479686714,1000
40,Parada 4 (SAN VICENTE),168.64010248668637,1000
41,Parada 2 (Intermedia),46.5141546000923,1000
41,Parada 3 (Intermedia),120.60106045040811,1000
41,Parada 4 (SAN VICENTE),66.22950447599942,1000
42,Parada 2 (Intermedia),183.798583395077,1000
42,Parada 3 (Intermedia),268.44918117957786,1000
42,Parada 4 (SAN VICENTE),283.2985603303132,1000
43,Parada 2 (Intermedia),180.79124758889884,1000
43,Parada 3 (Intermedia),79.55351791240537,1000
43,Parada 4 (SAN VICENTE),153.96922794934653,1000
44,Parada 2 (Intermedia),56.637599410463736,1000
44,Parada 3 (Intermedia),66.06651602340571,1000
45,Parada 2 (Intermedia),114.1022635499794,1000
45,Parada 3 (Intermedia),90.15951037046034,1000
45,Parada 4 (SAN VICENTE),279.46767416053626,1000
47,Parada 2 (Intermedia),59.64554677906199,1000
47,Parada 3 (Intermedia),75.1463790736234,1000
47,Parada 4 (SAN VICENTE),244.5648987808563,1000
48,Parada 2 (Intermedia),50.30717823672967,1000
48,Parada 3 (Intermedia),120.64763280706393,1000
48,Parada 4 (SAN VICENTE),180.11961050131868,1000
49,Parada 2 (Intermedia),223.50793398369933,1000
49,Parada 3 (Intermedia),261.4756166176994,1000
49,Parada 4 (SAN VICENTE),431.3257576129472,1000
50,Parada 2 (Intermedia),45.28487829459846,1000
51,Parada 2 (Intermedia),68.43080909095806,1000
51,Parada 4 (SAN VICENTE),148.49056450292846,1000
53,Parada 2 (Intermedia),187.13243878048524,1000
53,Parada 3 (Intermedia),82.13752771713189,1000
53,Parada 4 (SAN VICENTE),31.266268053339445,1000
54,Parada 2 (Intermedia),64.62425806528336,1000
55,Parada 2 (Intermedia),233.5260323733528,1000
55,Parada 3 (Intermedia),325.5114524551391,1000
55,Parada 4 (SAN VICENTE),358.60967882646946,1000
56,Parada 2 (Intermedia),187.98318914059928,1000
56,Parada 3 (Intermedia),47.28381512687338,1000
56,Parada 4 (SAN VICENTE),365.089905988003,1000
58,Parada 4 (SAN VICENTE),18.799069993990997,1000
59,Parada 4 (SAN VICENTE),74.9271921116233,1000
60,Parada 2 (Intermedia),60.46650414571923,1000
60,Parada 4 (SAN VICENTE),60.53987155434879,1000
61,Parada 2 (Intermedia),90.82636969791201,1000
61,Parada 4 (SAN VICENTE),104.30648792175634,1000
62,Parada 3 (Intermedia),24.574922305539076,1000
62,Parada 4 (SAN VICENTE),22.626911514773383,1000
67,Parada 2 (Intermedia),68.22983585616748,1000
67,Parada 3 (Intermedia),128.21416783361929,1000
67,Parada 4 (SAN VICENTE),49.39528984100616,1000
69,Parada 2 (Intermedia),131.11934236541856,1000
69,Parada 3 (Intermedia),66.47808135307423,1000
69,Parada 4 (SAN VICENTE),173.4648300276458,1000
71,Parada 2 (Intermedia),190.86871189946396,1000
71,Parada 3 (Intermedia),319.7291585537605,1000
71,Parada 4 (SAN VICENTE),352.96598136075045,1000
72,Parada 2 (Intermedia),34.314279282756615,1000
73,Parada 2 (Intermedia),123.33437962381868,1000
74,Parada 2 (Intermedia),101.25507147811732,1000
74,Parada 3 (Intermedia),147.67078170266905,1000
74,Parada 4 (SAN VICENTE),284.61983846013027,1000
75,Parada 2 (Intermedia),23.979162287148938,1000
75,Parada 3 (Intermedia),164.64012048955192,1000
75,Parada 4 (SAN VICENTE),180.54588146667083,1000
76,Parada 2 (Intermedia),185.3815165831693,1000
76,Parada 3 (Intermedia),175.85713686450617,1000
76,Parada 4 (SAN VICENTE),383.39665028337186,1000
77,Parada 2 (Intermedia),19.35640016958496,1000
77,Parada 4 (SAN VICENTE),24.95925142885244,1000
78,Parada 2 (Intermedia),125.5522158743479,1000
78,Parada 3 (Intermedia),181.9638466135948,1000
78,Parada 4 (SAN VICENTE),402.6287830570582,1000
79,Parada 2 (Intermedia),37.9055445088743,1000
79,Parada 3 (Intermedia),116.81635564411408,1000
80,Parada 2 (Intermedia),253.950344877514,1000
80,Parada 3 (Intermedia),274.5371241557368,1000
80,Parada 4 (SAN VICENTE),188.632075621681,1000
81,Parada 2 (Intermedia),89.52510105696274,1000
81,Parada 3 (Intermedia),276.55904195566836,1000
81,Parada 4 (SAN VICENTE),441.30356840139575,1000
82,Parada 2 (Intermedia),182.79808869953558,1000
82,Parada 3 (Intermedia),87.4706055597635,1000
82,Parada 4 (SAN VICENTE),211.12891657811997,1000
84,Parada 3 (Intermedia),11.865126144446549,1000
84,Parada 4 (SAN VICENTE),209.5960733460015,1000
85,Parada 2 (Intermedia),42.330140194309934,1000
85,Parada 3 (Intermedia),233.18493045414652,1000
85,Parada 4 (SAN VICENTE),88.71568952786038,1000
86,Parada 3 (Intermedia),144.558498718201,1000
86,Parada 4 (SAN VICENTE),135.6943409370797,1000
88,Parada 2 (Intermedia),223.02700178293162,1000
88,Parada 3 (Intermedia),343.7710014135955,1000
88,Parada 4 (SAN VICENTE),466.85667543532327,1000
89,Parada 3 (Intermedia),49.642059472287656,1000
89,Parada 4 (SAN VICENTE),55.773439823089575,1000
90,Parada 2 (Intermedia),34.0296486225634,1000
90,Parada 3 (Intermedia),174.44514359807363,1000
90,Parada 4 (SAN VICENTE),323.55876982076734,1000
91,Parada 2 (Intermedia),129.18712787629192,1000
91,Parada 4 (SAN VICENTE),136.4137426276211,1000
92,Parada 2 (Intermedia),72.64616226044745,1000
92,Parada 3 (Intermedia),13.359899569310073,1000
92,Parada 4 (SAN VICENTE),236.53138065949315,1000
93,Parada 2 (Intermedia),53.77722866719705,1000
93,Parada 3 (Intermedia),24.597603511894704,1000
94,Parada 2 (Intermedia),148.4339984097969,1000
94,Parada 3 (Intermedia),178.2841413739152,1000
94,Parada 4 (SAN VICENTE),73.85159446524631,1000
95,Parada 4 (SAN VICENTE),27.831651319815137,1000
97,Parada 4 (SAN VICENTE),146.62797122085613,1000
98,Parada 2 (Intermedia),139.3783024266886,1000
98,Parada 3 (Intermedia),169.9787203314263,1000
98,Parada 4 (SAN VICENTE),409.1030174766638,1000
99,Parada 2 (Intermedia),84.64167396266566,1000
99,Parada 4 (SAN VICENTE),73.97489980029059,1000
100,Parada 2 (Intermedia),30.04451326974231,1000
100,Parada 3 (Intermedia),245.46884276937635,1000
100,Parada 4 (SAN VICENTE),345.17192095513747,1000
101,Parada 2 (Intermedia),40.29645972831349,1000
101,Parada 3 (Intermedia),210.97856223161216,1000
101,Parada 4 (SAN VICENTE),214.11127803342242,1000
102,Parada 2 (Intermedia),111.53219730811543,1000
102,Parada 3 (Intermedia),46.517412679946574,1000
103,Parada 2 (Intermedia),197.61172742828057,1000
103,Parada 3 (Intermedia),176.27584539625968,1000
103,Parada 4 (SAN VICENTE),179.51343870195706,1000
104,Parada 2 (Intermedia),20.351411725729122,1000
104,Parada 3 (Intermedia),187.5573607118131,1000
104,Parada 4 (SAN VICENTE),122.49316562547756,1000
105,Parada 2 (Intermedia),70.98770104419964,1000
105,Parada 4 (SAN VICENTE),96.82433753668738,1000
106,Parada 3 (Intermedia),155.6900541092764,1000
106,Parada 4 (SAN VICENTE),254.21823291775945,1000
108,Parada 3 (Intermedia),73.27389750583097,1000
108,Parada 4 (SAN VICENTE),122.10883655877842,1000
109,Parada 2 (Intermedia),232.57876864152786,1000
109,Parada 3 (Intermedia),171.13150751794456,1000
109,Parada 4 (SAN VICENTE),92.1456072316796,1000
110,Parada 2 (Intermedia),75.2591053822398,1000
110,Parada 3 (Intermedia),231.37689399326337,1000
110,Parada 4 (SAN VICENTE),412.37301697758085,1000
111,Parada 2 (Intermedia),73.66096913261572,1000
113,Parada 2 (Intermedia),70.38345067662885,1000
113,Parada 3 (Intermedia),16.361022689918173,1000
113,Parada 4 (SAN VICENTE),120.86138635670068,1000
114,Parada 4 (SAN VICENTE),128.76981762716605,1000
117,Parada 2 (Intermedia),66.48687496347702,1000
117,Parada 3 (Intermedia),137.61430096374534,1000
117,Parada 4 (SAN VICENTE),367.90944032267726,1000
118,Parada 2 (Intermedia),202.261512082463,1000
118,Parada 3 (Intermedia),436.45748522177746,1000
118,Parada 4 (SAN VICENTE),343.4873930544418,1000
119,Parada 2 (Intermedia),20.449411501918803,1000
119,Parada 3 (Intermedia),83.34544459370954,1000
119,Parada 4 (SAN VICENTE),102.83085241106164,1000
120,Parada 3 (Intermedia),124.35998187595396,1000
120,Parada 4 (SAN VICENTE),237.385868263038,1000
121,Parada 2 (Intermedia),130.98145287238003,1000
121,Parada 3 (Intermedia),186.62752225497388,1000
121,Parada 4 (SAN VICENTE),193.5795649227366,1000
122,Parada 3 (Intermedia),104.5068467870442,1000
122,Parada 4 (SAN VICENTE),356.42444992242963,1000
123,Parada 2 (Intermedia),78.2309074106015,1000
123,Parada 3 (Intermedia),1.5530597012548242,1000
124,Parada 2 (Intermedia),98.6964280285465,1000
124,Parada 3 (Intermedia),284.2478782788967,1000
124,Parada 4 (SAN VICENTE),496.52668562745384,1000
126,Parada 4 (SAN VICENTE),37.40905191749334,1000
127,Parada 2 (Intermedia),40.4986326960352,1000
127,Parada 3 (Intermedia),121.67473947642429,1000
128,Parada 2 (Intermedia),53.43603784608422,1000
128,Parada 3 (Intermedia),272.61592809393187,1000
128,Parada 4 (SAN VICENTE),420.7199030181946,1000
129,Parada 2 (Intermedia),140.0971631182765,1000
129,Parada 3 (Intermedia),149.75671708105074,1000
129,Parada 4 (SAN VICENTE),102.04209031072969,1000
131,Parada 2 (Intermedia),146.06776961591095,1000
131,Parada 3 (Intermedia),251.5456686522084,1000
131,Parada 4 (SAN VICENTE),356.75034797459375,1000
132,Parada 4 (SAN VICENTE),118.5760396100377,1000
133,Parada 2 (Intermedia),219.55964327119,1000
133,Parada 3 (Intermedia),326.51807774994813,1000
133,Parada 4 (SAN VICENTE),186.17655804462265,1000
135,Parada 2 (Intermedia),89.79000170883955,1000
135,Parada 3 (Intermedia),12.446083597518736,1000
135,Parada 4 (SAN VICENTE),54.03985901657143,1000
137,Parada 2 (Intermedia),210.28468052265816,1000
137,Parada 3 (Intermedia),292.8995193985611,1000
137,Parada 4 (SAN VICENTE),362.92717649572296,1000
139,Parada 2 (Intermedia),27.28659657665412,1000
139,Parada 4 (SAN VICENTE),58.576001294044545,1000
140,Parada 2 (Intermedia),85.04340067518933,1000
141,Parada 3 (Intermedia),163.75782556187187,1000
141,Parada 4 (SAN VICENTE),256.0188346665818,1000
142,Parada 2 (Intermedia),211.4283667782438,1000
142,Parada 3 (Intermedia),471.152971766438,1000
142,Parada 4 (SAN VICENTE),644.2970888338023,1000
143,Parada 2 (Intermedia),90.18069603839831,1000
143,Parada 3 (Intermedia),160.51732706285839,1000
143,Parada 4 (SAN VICENTE),309.5898865125346,1000
144,Parada 2 (Intermedia),222.05844948254526,1000
144,Parada 3 (Intermedia),413.7521775885107,1000
144,Parada 4 (SAN VICENTE),443.9380141541187,1000
145,Parada 4 (SAN VICENTE),143.71362744635553,1000
146,Parada 2 (Intermedia),6.217377076653065,1000
147,Parada 2 (Intermedia),10.96970109648828,1000
147,Parada 4 (SAN VICENTE),190.22697257522668,1000
148,Parada 2 (Intermedia),54.17942567061982,1000
149,Parada 2 (Intermedia),21.771988717024215,1000
149,Parada 4 (SAN VICENTE),11.530454717940302,1000
150,Parada 2 (Intermedia),250.7469813564676,1000
150,Parada 3 (Intermedia),318.63351512223016,1000
150,Parada 4 (SAN VICENTE),295.26036382699385,1000
151,Parada 2 (Intermedia),45.161277059145505,1000
151,Parada 3 (Intermedia),101.35911013529403,1000
151,Parada 4 (SAN VICENTE),166.63384169727215,1000
152,Parada 2 (Intermedia),190.75407103760517,1000
152,Parada 3 (Intermedia),169.33501949020138,1000
152,Parada 4 (SAN VICENTE),161.37727265499416,1000
154,Parada 4 (SAN VICENTE),101.41203415526252,1000
157,Parada 3 (Intermedia),92.15903034007351,1000
157,Parada 4 (SAN VICENTE),153.9889198843739,1000
159,Parada 2 (Intermedia),152.27734058970236,1000
159,Parada 3 (Intermedia),207.99013885454042,1000
159,Parada 4 (SAN VICENTE),205.94466579194705,1000
160,Parada 3 (Intermedia),59.57032492609869,1000
160,Parada 4 (SAN VICENTE),189.6202818370948,1000
162,Parada 2 (Intermedia),202.9873093686765,1000
162,Parada 3 (Intermedia),54.20199840508576,1000
162,Parada 4 (SAN VICENTE),218.12741092512442,1000
163,Parada 4 (SAN VICENTE),88.5893427466217,1000
164,Parada 2 (Intermedia),10.073385602547205,1000
165,Parada 2 (Intermedia),232.99044732526818,1000
165,Parada 3 (Intermedia),201.30858298034582,1000
165,Parada 4 (SAN VICENTE),137.7240010493988,1000
166,Parada 4 (SAN VICENTE),115.55211710133881,1000
167,Parada 2 (Intermedia),133.09447463533434,1000
167,Parada 3 (Intermedia),45.91083611395152,1000
167,Parada 4 (SAN VICENTE),25.254667266868637,1000
168,Parada 2 (Intermedia),92.09578823362244,1000
168,Parada 3 (Intermedia),290.34020641137613,1000
168,Parada 4 (SAN VICENTE),235.59511402682983,1000
169,Parada 2 (Intermedia),151.01198470361123,1000
169,Parada 3 (Intermedia),186.75594437793188,1000
169,Parada 4 (SAN VICENTE),137.80853955367638,1000
170,Parada 2 (Intermedia),235.8176849771553,1000
170,Parada 3 (Intermedia),252.85825808532536,1000
170,Parada 4 (SAN VICENTE),230.03121483726136,1000
171,Parada 2 (Intermedia),128.10849073423014,1000
171,Parada 3 (Intermedia),78.342521439743,1000
172,Parada 2 (Intermedia),8.562223111584899,1000
172,Parada 3 (Intermedia),25.667187578015728,1000
172,Parada 4 (SAN VICENTE),122.7383328556316,1000
174,Parada 2 (Intermedia),9.911868390190648,1000
174,Parada 3 (Intermedia),92.81070945496322,1000
174,Parada 4 (SAN VICENTE),167.01861397677567,1000
175,Parada 2 (Intermedia),96.05915596212435,1000
176,Parada 2 (Intermedia),114.01190995120851,1000
176,Parada 3 (Intermedia),13.85917661235726,1000
176,Parada 4 (SAN VICENTE),178.136391551423,1000
177,Parada 2 (Intermedia),138.66827497458144,1000
177,Parada 3 (Intermedia),67.26947631180519,1000
177,Parada 4 (SAN VICENTE),101.4896103443316,1000
178,Parada 2 (Intermedia),2.9839158151007723,1000
178,Parada 3 (Intermedia),38.15222966790316,1000
178,Parada 4 (SAN VICENTE),115.34572912583826,1000
179,Parada 3 (Intermedia),72.20878863151302,1000
179,Parada 4 (SAN VICENTE),23.575453251192812,1000
181,Parada 2 (Intermedia),173.37654160275997,1000
181,Parada 3 (Intermedia),242.0843770261854,1000
181,Parada 4 (SAN VICENTE),135.44673747904017,1000
182,Parada 4 (SAN VICENTE),104.17732817225624,1000
183,Parada 2 (Intermedia),28.68927330125007,1000
183,Parada 3 (Intermedia),108.91247746338195,1000
183,Parada 4 (SAN VICENTE),145.73081610824738,1000
184,Parada 2 (Intermedia),29.57937154357205,1000
184,Parada 3 (Intermedia),149.71582834902802,1000
184,Parada 4 (SAN VICENTE),178.897621663491,1000
185,Parada 2 (Intermedia),196.46815447078552,1000
185,Parada 3 (Intermedia),412.30221113697917,1000
185,Parada 4 (SAN VICENTE),502.8943796410167,1000
186,Parada 4 (SAN VICENTE),64.88662077616027,1000
188,Parada 2 (Intermedia),212.29807017100393,1000
188,Parada 3 (Intermedia),155.50146833615145,1000
188,Parada 4 (SAN VICENTE),154.86476557690185,1000
190,Parada 2 (Intermedia),205.3584972363169,1000
190,Parada 3 (Intermedia),196.4718822317518,1000
190,Parada 4 (SAN VICENTE),239.13371327529603,1000
191,Parada 3 (Intermedia),55.41041201970074,1000
191,Parada 4 (SAN VICENTE),124.11492390623607,1000
192,Parada 2 (Intermedia),61.04361299588345,1000
192,Parada 3 (Intermedia),268.86551833854173,1000
192,Parada 4 (SAN VICENTE),550.7900424859981,1000
193,Parada 2 (Intermedia),70.29230596458365,1000
193,Parada 3 (Intermedia),255.25677633099258,1000
193,Parada 4 (SAN VICENTE),226.08673149782408,1000
194,Parada 2 (Intermedia),132.35142060896032,1000
194,Parada 3 (Intermedia),157.95222046606068,1000
194,Parada 4 (SAN VICENTE),15.104942540405318,1000
196,Parada 2 (Intermedia),57.48619411927939,1000
196,Parada 4 (SAN VICENTE),39.726062394925975,1000
197,Parada 2 (Intermedia),140.12795596687647,1000
197,Parada 3 (Intermedia),359.11660245258827,1000
197,Parada 4 (SAN VICENTE),281.4720631248056,1000
199,Parada 2 (Intermedia),121.75252737828123,1000
199,Parada 3 (Intermedia),226.47692038241075,1000
199,Parada 4 (SAN VICENTE),347.73549437584006,1000
200,Parada 2 (Intermedia),68.61179795046337,1000
200,Parada 3 (Intermedia),82.18387202646409,1000
200,Parada 4 (SAN VICENTE),269.343792810585,1000
201,Parada 2 (Intermedia),109.76845921984932,1000
201,Parada 3 (Intermedia),282.64301606190566,1000
201,Parada 4 (SAN VICENTE),371.0626083902753,1000
203,Parada 3 (Intermedia),77.66936361671833,1000
203,Parada 4 (SAN VICENTE),254.64987578964792,1000
204,Parada 2 (Intermedia),161.06578038867156,1000
204,Parada 3 (Intermedia),125.7733712837653,1000
205,Parada 2 (Intermedia),54.044243581432966,1000
205,Parada 3 (Intermedia),74.68490890222893,1000
205,Parada 4 (SAN VICENTE),146.53449793158507,1000
206,Parada 2 (Intermedia),32.44748523432645,1000
206,Parada 3 (Intermedia),19.221676360073616,1000
206,Parada 4 (SAN VICENTE),195.28615327982698,1000
207,Parada 2 (Intermedia),143.70153813446814,1000
207,Parada 3 (Intermedia),355.20070444836165,1000
207,Parada 4 (SAN VICENTE),434.1966512403451,1000
208,Parada 2 (Intermedia),53.48167666183144,1000
208,Parada 3 (Intermedia),222.2227823955618,1000
208,Parada 4 (SAN VICENTE),169.91867392136191,1000
209,Parada 2 (Intermedia),200.90647798629652,1000
209,Parada 3 (Intermedia),120.7000355404889,1000
209,Parada 4 (SAN VICENTE),126.57181534348638,1000
210,Parada 2 (Intermedia),8.239474691159558,1000
212,Parada 2 (Intermedia),139.92201377739548,1000
212,Parada 3 (Intermedia),152.16401254490484,1000
213,Parada 2 (Intermedia),149.8200504372653,1000
213,Parada 3 (Intermedia),212.3052917158202,1000
213,Parada 4 (SAN VICENTE),205.941409842766,1000
214,Parada 3 (Intermedia),46.62491209381551,1000
215,Parada 2 (Intermedia),27.89916780432395,1000
216,Parada 2 (Intermedia),155.83050829629065,1000
216,Parada 3 (Intermedia),391.4272981410613,1000
216,Parada 4 (SAN VICENTE),538.3489029481425,1000
217,Parada 2 (Intermedia),24.079955236666137,1000
217,Parada 3 (Intermedia),121.61082497323514,1000
217,Parada 4 (SAN VICENTE),270.28883534597117,1000
218,Parada 2 (Intermedia),198.12744717829628,1000
218,Parada 3 (Intermedia),50.76280693165609,1000
218,Parada 4 (SAN VICENTE),189.8309661183448,1000
219,Parada 2 (Intermedia),198.51102689580875,1000
219,Parada 3 (Intermedia),229.80506255946239,1000
219,Parada 4 (SAN VICENTE),393.2968879212276,1000
220,Parada 2 (Intermedia),3.507908142521046,1000
220,Parada 3 (Intermedia),78.71357815622468,1000
221,Parada 2 (Intermedia),217.22896935092285,1000
221,Parada 3 (Intermedia),421.865754355269,1000
221,Parada 4 (SAN VICENTE),351.98229855607497,1000
224,Parada 3 (Intermedia),265.92541031053406,1000
224,Parada 4 (SAN VICENTE),199.9674498832901,1000
225,Parada 2 (Intermedia),146.50252582720714,1000
225,Parada 3 (Intermedia),295.1543283231731,1000
225,Parada 4 (SAN VICENTE),342.7190119678562,1000
226,Parada 2 (Intermedia),243.5809186869592,1000
226,Parada 3 (Intermedia),283.05929564041435,1000
226,Parada 4 (SAN VICENTE),116.56451795255998,1000
227,Parada 4 (SAN VICENTE),59.16199665068416,1000
229,Parada 2 (Intermedia),52.16192302736454,1000
229,Parada 3 (Intermedia),220.16172570190975,1000
229,Parada 4 (SAN VICENTE),111.76129248473444,1000
230,Parada 2 (Intermedia),216.70569362901733,1000
230,Parada 3 (Intermedia),315.70741672307486,1000
230,Parada 4 (SAN VICENTE),286.4694828306092,1000
231,Parada 2 (Intermedia),21.454104811768048,1000
231,Parada 3 (Intermedia),90.52629117050674,1000
231,Parada 4 (SAN VICENTE),145.46081798776868,1000
232,Parada 2 (Intermedia),149.15950668544974,1000
232,Parada 3 (Intermedia),211.52701009306475,1000
232,Parada 4 (SAN VICENTE),221.36775806875085,1000
233,Parada 2 (Intermedia),60.74091396902804,1000
233,Parada 4 (SAN VICENTE),27.58282904099906,1000
235,Parada 2 (Intermedia),4.0276207414863165,1000
235,Parada 3 (Intermedia),82.20408041359042,1000
235,Parada 4 (SAN VICENTE),19.684556758234976,1000
236,Parada 2 (Intermedia),13.596524805179797,1000
236,Parada 3 (Intermedia),110.82098861777922,1000
236,Parada 4 (SAN VICENTE),241.88985596119892,1000
237,Parada 2 (Intermedia),38.864747823710786,1000
237,Parada 3 (Intermedia),203.03738943481585,1000
237,Parada 4 (SAN VICENTE),91.79749476740835,1000
238,Parada 4 (SAN VICENTE),46.190068898984464,1000
239,Parada 2 (Intermedia),70.05346051650122,1000
239,Parada 3 (Intermedia),29.892229540389962,1000
239,Parada 4 (SAN VICENTE),66.99748362248647,1000
240,Parada 2 (Intermedia),26.027215114154387,1000
240,Parada 3 (Intermedia),5.470051719254116,1000
240,Parada 4 (SAN VICENTE),191.59465170529438,1000
241,Parada 2 (Intermedia),126.07112266094191,1000
241,Parada 3 (Intermedia),74.17057735743583,1000
241,Parada 4 (SAN VICENTE),49.847010922967456,1000
244,Parada 2 (Intermedia),32.343836673971964,1000
244,Parada 3 (Intermedia),208.09744642715668,1000
244,Parada 4 (SAN VICENTE),124.50101463036845,1000
245,Parada 2 (Intermedia),124.07590539313969,1000
246,Parada 2 (Intermedia),47.99988768633921,1000
246,Parada 3 (Intermedia),205.94562446826603,1000
246,Parada 4 (SAN VICENTE),368.29015054978663,1000
247,Parada 2 (Intermedia),215.02648594536004,1000
247,Parada 3 (Intermedia),165.06084710059804,1000
247,Parada 4 (SAN VICENTE),139.31248554529157,1000
248,Parada 2 (Intermedia),122.62427968502743,1000
248,Parada 3 (Intermedia),188.39023926938535,1000
248,Parada 4 (SAN VICENTE),372.5952158010914,1000
250,Parada 2 (Intermedia),184.27667960108374,1000
250,Parada 3 (Intermedia),280.9736195889418,1000
250,Parada 4 (SAN VICENTE),289.7822462313634,1000
252,Parada 4 (SAN VICENTE),46.56198044930352,1000
253,Parada 2 (Intermedia),76.95608720401651,1000
253,Parada 3 (Intermedia),155.41896214988083,1000
253,Parada 4 (SAN VICENTE),326.1140750652994,1000
254,Parada 3 (Intermedia),175.24430561379995,1000
254,Parada 4 (SAN VICENTE),251.0669453777664,1000
256,Parada 2 (Intermedia),214.25032148123137,1000
256,Parada 3 (Intermedia),167.3851380466367,1000
256,Parada 4 (SAN VICENTE),156.36503233935218,1000
257,Parada 2 (Intermedia),231.3101842760807,1000
257,Parada 3 (Intermedia),124.95374496156,1000
257,Parada 4 (SAN VICENTE),94.794085029891,1000
258,Parada 3 (Intermedia),88.20493345230352,1000
258,Parada 4 (SAN VICENTE),301.57421474321745,1000
259,Parada 2 (Intermedia),112.12484724578098,1000
259,Parada 3 (Intermedia),99.17855810603942,1000
259,Parada 4 (SAN VICENTE),287.7644841839501,1000
261,Parada 2 (Intermedia),138.48873571376316,1000
261,Parada 3 (Intermedia),94.9048488837143,1000
261,Parada 4 (SAN VICENTE),273.521532336832,1000
262,Parada 2 (Intermedia),104.86134499844047,1000
262,Parada 3 (Intermedia),26.627519754110835,1000
262,Parada 4 (SAN VICENTE),162.11952035484137,1000
263,Parada 2 (Intermedia),86.65265300747706,1000
263,Parada 3 (Intermedia),94.45364999608137,1000
263,Parada 4 (SAN VICENTE),156.52911075382144,1000
264,Parada 2 (Intermedia),2.2466755610366818,1000
265,Parada 3 (Intermedia),205.63097116915742,1000
265,Parada 4 (SAN VICENTE),61.556156552775064,1000
266,Parada 3 (Intermedia),33.408402965258574,1000
266,Parada 4 (SAN VICENTE),166.02796289901016,1000
267,Parada 2 (Intermedia),183.61288032634184,1000
267,Parada 3 (Intermedia),308.6689494533348,1000
267,Parada 4 (SAN VICENTE),197.7303710137785,1000
268,Parada 2 (Intermedia),204.47615353783476,1000
268,Parada 3 (Intermedia),384.3474838536058,1000
268,Parada 4 (SAN VICENTE),304.48816420399817,1000
269,Parada 2 (Intermedia),113.31573491386371,1000
269,Parada 3 (Intermedia),205.0209855940775,1000
269,Parada 4 (SAN VICENTE),233.31820917406003,1000
270,Parada 3 (Intermedia),71.16136271911091,1000
270,Parada 4 (SAN VICENTE),69.86216693519964,1000
271,Parada 2 (Intermedia),129.65671766374726,1000
271,Parada 3 (Intermedia),176.2445035961282,1000
271,Parada 4 (SAN VICENTE),285.02325242976076,1000
272,Parada 3 (Intermedia),72.64179478652659,1000
273,Parada 2 (Intermedia),64.16687863328843,1000
273,Parada 4 (SAN VICENTE),178.88551046850625,1000
274,Parada 2 (Intermedia),238.56591388239758,1000
274,Parada 3 (Intermedia),413.7830063411675,1000
274,Parada 4 (SAN VICENTE),296.91127336162026,1000
276,Parada 3 (Intermedia),76.9916474307829,1000
276,Parada 4 (SAN VICENTE),82.1246761304501,1000
277,Parada 2 (Intermedia),125.99011388715007,1000
277,Parada 3 (Intermedia),76.27409877508762,1000
277,Parada 4 (SAN VICENTE),284.74949127578293,1000
278,Parada 3 (Intermedia),47.52836288450635,1000
278,Parada 4 (SAN VICENTE),128.04749264815473,1000
279,Parada 2 (Intermedia),143.9717018805677,1000
279,Parada 3 (Intermedia),113.84829535268364,1000
279,Parada 4 (SAN VICENTE),34.22035643568961,1000
280,Parada 3 (Intermedia),163.2887330414378,1000
280,Parada 4 (SAN VICENTE),61.21245619934052,1000
281,Parada 3 (Intermedia),5.240248933609109,1000
281,Parada 4 (SAN VICENTE),63.811126220360165,1000
282,Parada 2 (Intermedia),110.805918136728,1000
282,Parada 3 (Intermedia),162.15062187655712,1000
282,Parada 4 (SAN VICENTE),228.31009498407366,1000
283,Parada 2 (Intermedia),155.060427662218,1000
283,Parada 3 (Intermedia),233.8552988912561,1000
283,Parada 4 (SAN VICENTE),85.60330352370511,1000
284,Parada 3 (Intermedia),40.26194911749917,1000
284,Parada 4 (SAN VICENTE),171.71550101783941,1000
285,Parada 2 (Intermedia),223.17471160832793,1000
285,Parada 3 (Intermedia),56.34922194876708,1000
285,Parada 4 (SAN VICENTE),205.7354000453488,1000
286,Parada 2 (Intermedia),151.13135730204522,1000
286,Parada 3 (Intermedia),295.53601925986004,1000
286,Parada 4 (SAN VICENTE),418.99379222810967,1000
287,Parada 2 (Intermedia),16.239885477378266,1000
287,Parada 4 (SAN VICENTE),31.34929490694776,1000
288,Parada 2 (Intermedia),32.124536901013926,1000
288,Parada 4 (SAN VICENTE),30.79705348520656,1000
289,Parada 2 (Intermedia),83.82462299149483,1000
289,Parada 3 (Intermedia),167.92578110305476,1000
289,Parada 4 (SAN VICENTE),91.71300402004272,1000
290,Parada 2 (Intermedia),42.32611742586596,1000
290,Parada 3 (Intermedia),250.81398776822607,1000
290,Parada 4 (SAN VICENTE),188.36103668058058,1000
291,Parada 4 (SAN VICENTE),39.76596656459151,1000
293,Parada 2 (Intermedia),142.38354109117063,1000
293,Parada 3 (Intermedia),123.9659810012381,1000
293,Parada 4 (SAN VICENTE),175.8968981995713,1000
294,Parada 3 (Intermedia),114.54349399445346,1000
294,Parada 4 (SAN VICENTE),329.07155472721206,1000
295,Parada 2 (Intermedia),146.71510585505166,1000
295,Parada 3 (Intermedia),264.6150823914213,1000
295,Parada 4 (SAN VICENTE),483.1739942956483,1000
296,Parada 3 (Intermedia),34.831815292389365,1000
296,Parada 4 (SAN VICENTE),126.10021814118954,1000
297,Parada 2 (Intermedia),40.83907820415334,1000
297,Parada 3 (Intermedia),21.239859092776896,1000
297,Parada 4 (SAN VICENTE),49.51656328726676,1000
298,Parada 2 (Intermedia),92.14255352530745,1000
298,Parada 3 (Intermedia),183.7065124520159,1000
298,Parada 4 (SAN VICENTE),174.43029372202,1000
299,Parada 2 (Intermedia),22.51979526138166,1000
299,Parada 3 (Intermedia),196.3142679273151,1000
299,Parada 4 (SAN VICENTE),25.685677692235913,1000
300,Parada 2 (Intermedia),20.261244575405726,1000
300,Parada 3 (Intermedia),149.75940707389964,1000
300,Parada 4 (SAN VICENTE),192.49579934112262,1000
301,Parada 2 (Intermedia),217.81910810814588,1000
301,Parada 3 (Intermedia),268.2787732826255,1000
301,Parada 4 (SAN VICENTE),268.2524843973806,1000
303,Parada 2 (Intermedia),44.390190009668004,1000
303,Parada 3 (Intermedia),151.35322149196872,1000
303,Parada 4 (SAN VICENTE),365.2527831988991,1000
305,Parada 3 (Intermedia),93.80656310165068,1000
305,Parada 4 (SAN VICENTE),320.8109000050172,1000
306,Parada 2 (Intermedia),148.75709055108018,1000
306,Parada 3 (Intermedia),147.83386746112956,1000
306,Parada 4 (SAN VICENTE),138.25370997804566,1000
307,Parada 3 (Intermedia),125.34189118843642,1000
307,Parada 4 (SAN VICENTE),24.870417820260627,1000
308,Parada 2 (Intermedia),56.12251647398807,1000
308,Parada 4 (SAN VICENTE),117.36465467861854,1000
309,Parada 2 (Intermedia),99.97042805474484,1000
309,Parada 4 (SAN VICENTE),287.3590638845053,1000
310,Parada 2 (Intermedia),111.18076406751061,1000
310,Parada 3 (Intermedia),266.0093044064415,1000
310,Parada 4 (SAN VICENTE),304.50835654188995,1000
311,Parada 2 (Intermedia),113.78568707822706,1000
311,Parada 3 (Intermedia),174.68367171494174,1000
311,Parada 4 (SAN VICENTE),11.444330674217781,1000
312,Parada 2 (Intermedia),75.20356068279943,1000
312,Parada 3 (Intermedia),155.6008222613018,1000
312,Parada 4 (SAN VICENTE),113.06547879354912,1000
313,Parada 2 (Intermedia),184.77126884178142,1000
313,Parada 3 (Intermedia),299.73888860605075,1000
313,Parada 4 (SAN VICENTE),187.000159682706,1000
314,Parada 2 (Intermedia),61.84059255692409,1000
314,Parada 3 (Intermedia),195.80426962426282,1000
314,Parada 4 (SAN VICENTE),31.72990517457947,1000
315,Parada 2 (Intermedia),7.039785310451407,1000
315,Parada 3 (Intermedia),110.66968518774956,1000
315,Parada 4 (SAN VICENTE),243.2482383379538,1000
316,Parada 2 (Intermedia),44.3631411587412,1000
316,Parada 3 (Intermedia),101.20417825126788,1000
316,Parada 4 (SAN VICENTE),140.4285205511551,1000
317,Parada 2 (Intermedia),154.75978410584503,1000
317,Parada 3 (Intermedia),376.3654953316145,1000
317,Parada 4 (SAN VICENTE),565.8016757162695,1000
318,Parada 2 (Intermedia),201.26244687780854,1000
318,Parada 3 (Intermedia),243.96571732725715,1000
318,Parada 4 (SAN VICENTE),244.0743444414693,1000
319,Parada 2 (Intermedia),186.64090189582203,1000
319,Parada 3 (Intermedia),402.06823349252227,1000
319,Parada 4 (SAN VICENTE),447.2352700778574,1000
320,Parada 2 (Intermedia),18.25485208822647,1000
320,Parada 3 (Intermedia),52.41246594826225,1000
321,Parada 2 (Intermedia),89.4800655900035,1000
321,Parada 3 (Intermedia),301.86351416810066,1000
321,Parada 4 (SAN VICENTE),468.0447522830509,1000
322,Parada 2 (Intermedia),46.63141757971607,1000
322,Parada 3 (Intermedia),21.021545174822677,1000
322,Parada 4 (SAN VICENTE),14.898625938309124,1000
323,Parada 2 (Intermedia),67.512525025988,1000
323,Parada 3 (Intermedia),151.10682385214022,1000
325,Parada 3 (Intermedia),123.59957020022557,1000
325,Parada 4 (SAN VICENTE),19.127345105196582,1000
326,Parada 2 (Intermedia),110.85480814415496,1000
326,Parada 3 (Intermedia),76.03981395083247,1000
326,Parada 4 (SAN VICENTE),227.3147468372481,1000
328,Parada 4 (SAN VICENTE),17.70307476716698,1000
331,Parada 2 (Intermedia),183.7207849327242,1000
331,Parada 3 (Intermedia),198.44646663585445,1000
331,Parada 4 (SAN VICENTE),239.7920326718886,1000
332,Parada 2 (Intermedia),74.91844674493768,1000
332,Parada 3 (Intermedia),282.10788129636785,1000
332,Parada 4 (SAN VICENTE),426.59330997409415,1000
333,Parada 3 (Intermedia),28.28777481825091,1000
333,Parada 4 (SAN VICENTE),12.018267284933245,1000
334,Parada 2 (Intermedia),136.35388706400408,1000
334,Parada 3 (Intermedia),105.55963944626274,1000
334,Parada 4 (SAN VICENTE),240.6593552469567,1000
335,Parada 2 (Intermedia),8.944480477453908,1000
335,Parada 3 (Intermedia),143.22961766735534,1000
335,Parada 4 (SAN VICENTE),332.38182788467384,1000
336,Parada 2 (Intermedia),58.8601188530738,1000
336,Parada 3 (Intermedia),186.05758889112622,1000
336,Parada 4 (SAN VICENTE),140.81299011866213,1000
337,Parada 2 (Intermedia),134.3896233535488,1000
337,Parada 3 (Intermedia),234.10269938624697,1000
337,Parada 4 (SAN VICENTE),393.9540213159926,1000
338,Parada 2 (Intermedia),52.27447115918039,1000
338,Parada 3 (Intermedia),199.74960244150134,1000
338,Parada 4 (SAN VICENTE),147.95419470354682,1000
339,Parada 2 (Intermedia),8.804603377589956,1000
339,Parada 3 (Intermedia),43.034824599395506,1000
339,Parada 4 (SAN VICENTE),62.791368290781975,1000
340,Parada 2 (Intermedia),252.39010515925474,1000
340,Parada 3 (Intermedia),163.18554964923533,1000
340,Parada 4 (SAN VICENTE),182.48258702555904,1000
341,Parada 2 (Intermedia),202.52413481284748,1000
341,Parada 3 (Intermedia),219.45409112915513,1000
341,Parada 4 (SAN VICENTE),289.6046246245096,1000
342,Parada 2 (Intermedia),90.94289286262938,1000
342,Parada 3 (Intermedia),199.70333821460372,1000
342,Parada 4 (SAN VICENTE),56.6849548901082,1000
343,Parada 2 (Intermedia),81.43059306108626,1000
343,Parada 3 (Intermedia),96.60608416816103,1000
343,Parada 4 (SAN VICENTE),130.93644041431253,1000
345,Parada 2 (Intermedia),185.77859080265625,1000
345,Parada 3 (Intermedia),278.8454176026571,1000
345,Parada 4 (SAN VICENTE),423.45471192896366,1000
346,Parada 2 (Intermedia),114.30043074162677,1000
346,Parada 3 (Intermedia),84.35231040546205,1000
347,Parada 2 (Intermedia),155.84715937348665,1000
347,Parada 3 (Intermedia),261.66315221364493,1000
347,Parada 4 (SAN VICENTE),350.9028979886789,1000
348,Parada 2 (Intermedia),9.393052302824799,1000
348,Parada 4 (SAN VICENTE),37.779314966581296,1000
349,Parada 2 (Intermedia),213.374245146435,1000
349,Parada 3 (Intermedia),49.81792294999468,1000
349,Parada 4 (SAN VICENTE),23.646615204808768,1000
351,Parada 2 (Intermedia),154.8955021915608,1000
351,Parada 3 (Intermedia),187.65663175017107,1000
351,Parada 4 (SAN VICENTE),281.33957520566764,1000
352,Parada 3 (Intermedia),5.312210011237767,1000
352,Parada 4 (SAN VICENTE),235.72067058001994,1000
353,Parada 2 (Intermedia),63.61229083430953,1000
353,Parada 3 (Intermedia),277.25904480126337,1000
353,Parada 4 (SAN VICENTE),205.38531844719546,1000
354,Parada 2 (Intermedia),197.52957219601376,1000
354,Parada 3 (Intermedia),344.50375303518376,1000
354,Parada 4 (SAN VICENTE),191.53724206902552,1000
356,Parada 3 (Intermedia),122.03707935195416,1000
358,Parada 2 (Intermedia),178.25978868507082,1000
358,Parada 3 (Intermedia),101.3511097431765,1000
358,Parada 4 (SAN VICENTE),107.11910959868692,1000
359,Parada 2 (Intermedia),70.3278486118943,1000
359,Parada 3 (Intermedia),216.07805592846125,1000
359,Parada 4 (SAN VICENTE),382.36581292940537,1000
360,Parada 2 (Intermedia),155.52853512114962,1000
360,Parada 3 (Intermedia),112.12977699603653,1000
361,Parada 2 (Intermedia),92.57058593269903,1000
361,Parada 3 (Intermedia),265.2222705091117,1000
361,Parada 4 (SAN VICENTE),388.35680493109976,1000
362,Parada 2 (Intermedia),194.78109532236704,1000
362,Parada 3 (Intermedia),276.07031611996354,1000
362,Parada 4 (SAN VICENTE),157.94968873474863,1000
363,Parada 2 (Intermedia),76.5861301679106,1000
364,Parada 2 (Intermedia),257.42738410440506,1000
364,Parada 3 (Intermedia),356.11897472530836,1000
364,Parada 4 (SAN VICENTE),481.49434459090116,1000
365,Parada 2 (Intermedia),219.4679045411467,1000
365,Parada 3 (Intermedia),396.98379117881996,1000
365,Parada 4 (SAN VICENTE),607.5617041988298,1000
366,Parada 2 (Intermedia),176.3869087700732,1000
366,Parada 3 (Intermedia),195.5915126496111,1000
366,Parada 4 (SAN VICENTE),77.58663323530345,1000
368,Parada 3 (Intermedia),89.66157812534948,1000
368,Parada 4 (SAN VICENTE),293.08133920270484,1000
369,Parada 2 (Intermedia),333.5727035594464,1000
369,Parada 3 (Intermedia),284.13977037454606,1000
369,Parada 4 (SAN VICENTE),274.9904620181478,1000
370,Parada 4 (SAN VICENTE),139.5499384085706,1000
371,Parada 2 (Intermedia),87.24750548321754,1000
371,Parada 4 (SAN VICENTE),107.33234244104824,1000
372,Parada 2 (Intermedia),72.29957475120318,1000
372,Parada 3 (Intermedia),165.0751921713818,1000
372,Parada 4 (SAN VICENTE),114.97358644462656,1000
373,Parada 2 (Intermedia),62.09247945100651,1000
374,Parada 3 (Intermedia),6.359431926568504,1000
374,Parada 4 (SAN VICENTE),30.449784339551115,1000
375,Parada 2 (Intermedia),93.00669070205186,1000
375,Parada 3 (Intermedia),254.01162764339824,1000
375,Parada 4 (SAN VICENTE),172.978691485303,1000
377,Parada 2 (Intermedia),110.47926351902424,1000
377,Parada 3 (Intermedia),420.2696216603508,1000
377,Parada 4 (SAN VICENTE),596.688647646457,1000
378,Parada 3 (Intermedia),81.64268625091063,1000
378,Parada 4 (SAN VICENTE),290.00394295167644,1000
379,Parada 3 (Intermedia),141.0353424216737,1000
379,Parada 4 (SAN VICENTE),318.15827306741267,1000
380,Parada 2 (Intermedia),5.048022170667537,1000
381,Parada 2 (Intermedia),131.1104145020072,1000
381,Parada 3 (Intermedia),402.5934823837306,1000
381,Parada 4 (SAN VICENTE),252.8779113504279,1000
383,Parada 3 (Intermedia),85.0978554848407,1000
383,Parada 4 (SAN VICENTE),238.4932162933692,1000
384,Parada 2 (Intermedia),215.63065406808164,1000
384,Parada 3 (Intermedia),284.78524933737935,1000
384,Parada 4 (SAN VICENTE),481.55887634833925,1000
385,Parada 3 (Intermedia),75.95467801202904,1000
385,Parada 4 (SAN VICENTE),130.94950726162642,1000
386,Parada 2 (Intermedia),79.39088235804229,1000
386,Parada 3 (Intermedia),278.6314782661211,1000
386,Parada 4 (SAN VICENTE),285.201962080464,1000
387,Parada 2 (Intermedia),8.942527655221056,1000
387,Parada 3 (Intermedia),200.2332037986198,1000
387,Parada 4 (SAN VICENTE),65.69690636263113,1000
388,Parada 2 (Intermedia),171.7617147237761,1000
388,Parada 3 (Intermedia),141.2071776749217,1000
388,Parada 4 (SAN VICENTE),126.91416963635129,1000
389,Parada 2 (Intermedia),17.02359417505795,1000
389,Parada 3 (Intermedia),142.94808528167778,1000
389,Parada 4 (SAN VICENTE),153.634987615922,1000
390,Parada 3 (Intermedia),52.65091167596984,1000
390,Parada 4 (SAN VICENTE),151.4333994697372,1000
391,Parada 2 (Intermedia),234.4781136577658,1000
391,Parada 3 (Intermedia),207.1496361566824,1000
391,Parada 4 (SAN VICENTE),315.0403459596273,1000
392,Parada 2 (Intermedia),74.48698627375416,1000
392,Parada 3 (Intermedia),193.5651218671992,1000
392,Parada 4 (SAN VICENTE),274.92828083751374,1000
393,Parada 2 (Intermedia),104.5331079919124,1000
393,Parada 3 (Intermedia),45.60795921590761,1000
393,Parada 4 (SAN VICENTE),160.0193902318133,1000
395,Parada 2 (Intermedia),166.61734678718494,1000
395,Parada 3 (Intermedia),323.90931838267716,1000
395,Parada 4 (SAN VICENTE),292.1095015335886,1000
396,Parada 2 (Intermedia),231.25627709491528,1000
396,Parada 3 (Intermedia),186.74779304707772,1000
396,Parada 4 (SAN VICENTE),222.94393678708002,1000
397,Parada 2 (Intermedia),117.59424481945462,1000
397,Parada 3 (Intermedia),134.47326712519862,1000
397,Parada 4 (SAN VICENTE),287.328567969962,1000
398,Parada 2 (Intermedia),153.28231162950397,1000
398,Parada 3 (Intermedia),270.6570508561854,1000
398,Parada 4 (SAN VICENTE),460.22437754881685,1000
400,Parada 2 (Intermedia),2.0444952435500454,1000
401,Parada 4 (SAN VICENTE),102.87257502542343,1000
402,Parada 2 (Intermedia),205.1370602986426,1000
402,Parada 3 (Intermedia),322.85290781233925,1000
402,Parada 4 (SAN VICENTE),184.76508579295478,1000
404,Parada 2 (Intermedia),83.62981182543444,1000
404,Parada 3 (Intermedia),286.85684750400833,1000
404,Parada 4 (SAN VICENTE),357.4135916213272,1000
405,Parada 2 (Intermedia),11.23360641108593,1000
405,Parada 4 (SAN VICENTE),110.70490766933654,1000
406,Parada 2 (Intermedia),70.73593761451775,1000
406,Parada 3 (Intermedia),285.54736768323346,1000
406,Parada 4 (SAN VICENTE),251.62528462629416,1000
407,Parada 3 (Intermedia),11.595109755726298,1000
407,Parada 4 (SAN VICENTE),20.677649565303,1000
408,Parada 2 (Intermedia),139.36588235781528,1000
408,Parada 3 (Intermedia),100.52477426404948,1000
408,Parada 4 (SAN VICENTE),265.3228292981512,1000
409,Parada 4 (SAN VICENTE),86.54928611114156,1000
410,Parada 2 (Intermedia),120.2785281308461,1000
410,Parada 3 (Intermedia),336.5550582242431,1000
410,Parada 4 (SAN VICENTE),453.6642721752578,1000
411,Parada 2 (Intermedia),107.42916007040185,1000
411,Parada 4 (SAN VICENTE),49.52281401489745,1000
414,Parada 3 (Intermedia),27.15775988646783,1000
414,Parada 4 (SAN VICENTE),78.74880505615147,1000
415,Parada 2 (Intermedia),159.23541952302912,1000
415,Parada 3 (Intermedia),133.991148768313,1000
415,Parada 4 (SAN VICENTE),8.005938888789387,1000
416,Parada 2 (Intermedia),139.79282107501058,1000
416,Parada 3 (Intermedia),87.99881073716097,1000
416,Parada 4 (SAN VICENTE),126.97015928965993,1000
417,Parada 2 (Intermedia),29.023075649456587,1000
417,Parada 4 (SAN VICENTE),46.89507079735631,1000
418,Parada 2 (Intermedia),160.11075230519054,1000
418,Parada 4 (SAN VICENTE),100.54318530182354,1000
419,Parada 2 (Intermedia),186.50855207812856,1000
419,Parada 3 (Intermedia),84.08274599461583,1000
419,Parada 4 (SAN VICENTE),10.768972574471263,1000
420,Parada 2 (Intermedia),150.195530691155,1000
420,Parada 4 (SAN VICENTE),158.37440715031698,1000
421,Parada 2 (Intermedia),56.861239105433924,1000
421,Parada 3 (Intermedia),279.9591026181588,1000
421,Parada 4 (SAN VICENTE),322.1705886842392,1000
422,Parada 2 (Intermedia),148.35378766825306,1000
422,Parada 3 (Intermedia),132.6260459429759,1000
422,Parada 4 (SAN VICENTE),36.82194406160852,1000
423,Parada 2 (Intermedia),117.0758410943672,1000
423,Parada 3 (Intermedia),337.8396321736218,1000
423,Parada 4 (SAN VICENTE),265.60061062744353,1000
424,Parada 2 (Intermedia),125.11933617963223,1000
424,Parada 3 (Intermedia),62.217050893523265,1000
425,Parada 2 (Intermedia),137.62258137160097,1000
425,Parada 3 (Intermedia),4.063391042756848,1000
427,Parada 2 (Intermedia),180.38653491067817,1000
427,Parada 3 (Intermedia),527.4763154948305,1000
427,Parada 4 (SAN VICENTE),437.32732713458245,1000
428,Parada 2 (Intermedia),212.84156886069104,1000
428,Parada 3 (Intermedia),376.6853525027982,1000
428,Parada 4 (SAN VICENTE),558.3814951175591,1000
429,Parada 4 (SAN VICENTE),11.452070541970897,1000
430,Parada 2 (Intermedia),112.67214819940273,1000
430,Parada 3 (Intermedia),281.4049183309253,1000
430,Parada 4 (SAN VICENTE),403.8485665964836,1000
432,Parada 2 (Intermedia),119.4741365647642,1000
432,Parada 3 (Intermedia),216.5703637851111,1000
432,Parada 4 (SAN VICENTE),330.2807512632571,1000
433,Parada 2 (Intermedia),169.340565316641,1000
433,Parada 3 (Intermedia),236.2962479708076,1000
433,Parada 4 (SAN VICENTE),293.16608532558894,1000
434,Parada 2 (Intermedia),73.15297476531123,1000
434,Parada 3 (Intermedia),86.01279041508678,1000
434,Parada 4 (SAN VICENTE),163.66526545304805,1000
435,Parada 2 (Intermedia),103.18129226870951,1000
435,Parada 3 (Intermedia),311.6486651528394,1000
435,Parada 4 (SAN VICENTE),247.80392614827724,1000
436,Parada 2 (Intermedia),116.0792783445795,1000
436,Parada 3 (Intermedia),204.19280547834933,1000
436,Parada 4 (SAN VICENTE),345.9467109552934,1000
437,Parada 2 (Intermedia),178.69094378786394,1000
437,Parada 3 (Intermedia),315.99206499615684,1000
437,Parada 4 (SAN VICENTE),209.97191697132075,1000
440,Parada 4 (SAN VICENTE),58.838439237035345,1000
441,Parada 2 (Intermedia),17.59334693098208,1000
441,Parada 3 (Intermedia),205.0824194891029,1000
441,Parada 4 (SAN VICENTE),245.47964492760366,1000
442,Parada 2 (Intermedia),118.78979149606312,1000
442,Parada 3 (Intermedia),43.602266123110894,1000
442,Parada 4 (SAN VICENTE),261.43642975221155,1000
443,Parada 2 (Intermedia),179.33465583773796,1000
443,Parada 3 (Intermedia),408.76556704950053,1000
443,Parada 4 (SAN VICENTE),305.9473010356887,1000
444,Parada 2 (Intermedia),115.99307809915626,1000
444,Parada 3 (Intermedia),67.13171702425461,1000
444,Parada 4 (SAN VICENTE),305.00263945152983,1000
445,Parada 2 (Intermedia),47.570945827057585,1000
445,Parada 3 (Intermedia),53.50447117956355,1000
445,Parada 4 (SAN VICENTE),219.25262780097546,1000
447,Parada 2 (Intermedia),110.68869098770665,1000
447,Parada 3 (Intermedia),311.43411856057355,1000
447,Parada 4 (SAN VICENTE),236.15260765695712,1000
448,Parada 2 (Intermedia),138.21543523319997,1000
448,Parada 3 (Intermedia),239.96966544666793,1000
448,Parada 4 (SAN VICENTE),396.57800614641747,1000
449,Parada 3 (Intermedia),126.30008783645462,1000
450,Parada 2 (Intermedia),30.642900704406202,1000
450,Parada 3 (Intermedia),5.968167657789309,1000
450,Parada 4 (SAN VICENTE),208.00578273285646,1000
451,Parada 2 (Intermedia),202.23869199224282,1000
451,Parada 3 (Intermedia),311.1820451677195,1000
451,Parada 4 (SAN VICENTE),269.220037802821,1000
452,Parada 2 (Intermedia),184.16826668730937,1000
452,Parada 3 (Intermedia),65.05895913008135,1000
452,Parada 4 (SAN VICENTE),161.41762213874608,1000
453,Parada 3 (Intermedia),44.366978694393765,1000
454,Parada 3 (Intermedia),100.84397280437406,1000
455,Parada 4 (SAN VICENTE),91.27552035456756,1000
458,Parada 2 (Intermedia),220.36100237770006,1000
458,Parada 3 (Intermedia),147.7279021324357,1000
458,Parada 4 (SAN VICENTE),80.84539359458722,1000
459,Parada 2 (Intermedia),202.16474675980862,1000
459,Parada 3 (Intermedia),183.7396426977939,1000
459,Parada 4 (SAN VICENTE),62.043459622655064,1000
460,Parada 2 (Intermedia),143.8839912196272,1000
460,Parada 3 (Intermedia),367.9815380924847,1000
460,Parada 4 (SAN VICENTE),302.38466410699766,1000
461,Parada 2 (Intermedia),213.31591375014978,1000
461,Parada 3 (Intermedia),416.420063673635,1000
461,Parada 4 (SAN VICENTE),378.13778650475433,1000
463,Parada 2 (Intermedia),60.01871946133906,1000
464,Parada 2 (Intermedia),24.25093835988082,1000
464,Parada 4 (SAN VICENTE),4.711312654078938,1000
466,Parada 3 (Intermedia),132.12974319816567,1000
466,Parada 4 (SAN VICENTE),103.27035588858416,1000
467,Parada 2 (Intermedia),187.66382808453636,1000
467,Parada 3 (Intermedia),218.57166493078694,1000
467,Parada 4 (SAN VICENTE),436.3115818766528,1000
468,Parada 4 (SAN VICENTE),46.960801944718696,1000
470,Parada 2 (Intermedia),3.067172266310081,1000
471,Parada 2 (Intermedia),44.778084039338864,1000
471,Parada 4 (SAN VICENTE),82.64043655619025,1000
472,Parada 2 (Intermedia),37.4855790566653,1000
472,Parada 3 (Intermedia),242.61880025162827,1000
472,Parada 4 (SAN VICENTE),149.81038253358565,1000
473,Parada 3 (Intermedia),160.2334465177264,1000
473,Parada 4 (SAN VICENTE),36.67801527440315,1000
475,Parada 2 (Intermedia),66.15967808727873,1000
475,Parada 3 (Intermedia),12.891722432279494,1000
475,Parada 4 (SAN VICENTE),151.1912956047454,1000
476,Parada 2 (Intermedia),207.98320855078055,1000
476,Parada 3 (Intermedia),299.90105956833577,1000
476,Parada 4 (SAN VICENTE),453.49035877082497,1000
478,Parada 2 (Intermedia),89.78358453832334,1000
478,Parada 3 (Intermedia),300.80349812028,1000
478,Parada 4 (SAN VICENTE),447.14609507797286,1000
479,Parada 2 (Intermedia),74.50184754177462,1000
479,Parada 3 (Intermedia),7.02348328375956,1000
479,Parada 4 (SAN VICENTE),188.21890136547154,1000
480,Parada 4 (SAN VICENTE),41.712108142790385,1000
481,Parada 2 (Intermedia),3.2397279355791397,1000
481,Parada 3 (Intermedia),99.6645977665903,1000
481,Parada 4 (SAN VICENTE),160.74459597840905,1000
483,Parada 2 (Intermedia),135.16424333682517,1000
483,Parada 3 (Intermedia),236.13988916476956,1000
483,Parada 4 (SAN VICENTE),340.3704430735088,1000
485,Parada 2 (Intermedia),217.782154616958,1000
485,Parada 3 (Intermedia),75.34086944494629,1000
485,Parada 4 (SAN VICENTE),31.51325153140351,1000
486,Parada 2 (Intermedia),127.58739457448246,1000
486,Parada 3 (Intermedia),288.8476711050025,1000
486,Parada 4 (SAN VICENTE),160.02790625416674,1000
487,Parada 4 (SAN VICENTE),12.62024324113736,1000
488,Parada 2 (Intermedia),84.46280802192632,1000
488,Parada 3 (Intermedia),256.1521187120816,1000
488,Parada 4 (SAN VICENTE),340.53344084857963,1000
489,Parada 3 (Intermedia),7.275056377984583,1000
490,Parada 2 (Intermedia),142.7298515982693,1000
491,Parada 2 (Intermedia),158.64357440831373,1000
491,Parada 3 (Intermedia),14.819310416467488,1000
492,Parada 2 (Intermedia),190.8640364027233,1000
492,Parada 3 (Intermedia),185.3076843842864,1000
492,Parada 4 (SAN VICENTE),116.37573881837307,1000
493,Parada 2 (Intermedia),84.23758168180939,1000
493,Parada 3 (Intermedia),111.31992249848554,1000
493,Parada 4 (SAN VICENTE),41.28394900355488,1000
494,Parada 3 (Intermedia),29.68090933287749,1000
494,Parada 4 (SAN VICENTE),169.93889019195922,1000
495,Parada 2 (Intermedia),128.26180400548037,1000
495,Parada 3 (Intermedia),201.34436505648773,1000
495,Parada 4 (SAN VICENTE),292.2311724785832,1000
496,Parada 2 (Intermedia),235.4526787585346,1000
496,Parada 3 (Intermedia),231.99393631296698,1000
496,Parada 4 (SAN VICENTE),348.3777884535375,1000
497,Parada 2 (Intermedia),99.50368031003745,1000
497,Parada 3 (Intermedia),243.2329871543916,1000
497,Parada 4 (SAN VICENTE),392.3042903370224,1000
498,Parada 2 (Intermedia),57.937374751549214,1000
498,Parada 3 (Intermedia),241.5721054750611,1000
498,Parada 4 (SAN VICENTE),416.91034531523474,1000
499,Parada 2 (Intermedia),175.55717325379374,1000
499,Parada 3 (Intermedia),294.83036260376684,1000
499,Parada 4 (SAN VICENTE),352.02687538944883,1000
500,Parada 2 (Intermedia),4.436178405827377,1000
500,Parada 3 (Intermedia),89.31367666932056,1000
500,Parada 4 (SAN VICENTE),96.7739499596646,1000
501,Parada 4 (SAN VICENTE),211.3800025471719,1000
502,Parada 2 (Intermedia),146.50444546330255,1000
502,Parada 3 (Intermedia),58.69352077471558,1000
503,Parada 2 (Intermedia),169.65710903704166,1000
503,Parada 3 (Intermedia),33.90313528274419,1000
504,Parada 2 (Intermedia),61.87987287744181,1000
504,Parada 3 (Intermedia),121.07021247490775,1000
504,Parada 4 (SAN VICENTE),190.7693158829934,1000
505,Parada 2 (Intermedia),28.96522250288399,1000
505,Parada 3 (Intermedia),38.32795207208255,1000
506,Parada 2 (Intermedia),75.69886292138835,1000
507,Parada 3 (Intermedia),114.12460931483656,1000
507,Parada 4 (SAN VICENTE),153.04263721156167,1000
508,Parada 3 (Intermedia),59.47863289609086,1000
508,Parada 4 (SAN VICENTE),86.61875538731692,1000
509,Parada 2 (Intermedia),61.34054670622572,1000
509,Parada 3 (Intermedia),207.1756773921079,1000
509,Parada 4 (SAN VICENTE),158.3538710301509,1000
510,Parada 2 (Intermedia),215.46133826015284,1000
510,Parada 3 (Intermedia),345.86726681742584,1000
510,Parada 4 (SAN VICENTE),427.7738257655874,1000
511,Parada 2 (Intermedia),129.8081017017248,1000
511,Parada 4 (SAN VICENTE),106.65808246075176,1000
512,Parada 2 (Intermedia),100.92943992750952,1000
512,Parada 3 (Intermedia),268.75715614046203,1000
512,Parada 4 (SAN VICENTE),410.34305432171095,1000
513,Parada 4 (SAN VICENTE),21.586148914066143,1000
514,Parada 2 (Intermedia),240.89008276816458,1000
514,Parada 3 (Intermedia),328.3128787734895,1000
514,Parada 4 (SAN VICENTE),194.40122347534634,1000
516,Parada 2 (Intermedia),135.85916599049233,1000
516,Parada 3 (Intermedia),269.51134363986785,1000
516,Parada 4 (SAN VICENTE),464.50375864864327,1000
517,Parada 2 (Intermedia),209.13750508072553,1000
517,Parada 3 (Intermedia),283.0899082191754,1000
517,Parada 4 (SAN VICENTE),237.37795163452392,1000
521,Parada 2 (Intermedia),18.494921461911872,1000
521,Parada 3 (Intermedia),252.0455291251419,1000
521,Parada 4 (SAN VICENTE),482.46012837288436,1000
522,Parada 2 (Intermedia),116.90426582377404,1000
522,Parada 3 (Intermedia),31.135983991553076,1000
522,Parada 4 (SAN VICENTE),185.67207030870486,1000
523,Parada 2 (Intermedia),28.70820426219143,1000
523,Parada 3 (Intermedia),21.065235243178904,1000
524,Parada 3 (Intermedia),71.36942741792882,1000
524,Parada 4 (SAN VICENTE),12.362479611998424,1000
525,Parada 2 (Intermedia),132.01182990294183,1000
525,Parada 3 (Intermedia),75.28606054343982,1000
525,Parada 4 (SAN VICENTE),11.451327227288857,1000
526,Parada 2 (Intermedia),156.7841711375513,1000
526,Parada 3 (Intermedia),220.07136595604243,1000
526,Parada 4 (SAN VICENTE),123.60884240153246,1000
527,Parada 3 (Intermedia),33.94889554264955,1000
527,Parada 4 (SAN VICENTE),194.77793860650854,1000
528,Parada 2 (Intermedia),233.0734267096268,1000
528,Parada 3 (Intermedia),453.7800402645371,1000
528,Parada 4 (SAN VICENTE),572.7848443450639,1000
529,Parada 2 (Intermedia),93.75753387436271,1000
529,Parada 4 (SAN VICENTE),76.85997059231158,1000
532,Parada 2 (Intermedia),129.2927183979191,1000
532,Parada 4 (SAN VICENTE),212.7021541184513,1000
534,Parada 2 (Intermedia),12.690401792817283,1000
534,Parada 3 (Intermedia),93.82213579834206,1000
534,Parada 4 (SAN VICENTE),227.28782904078253,1000
535,Parada 2 (Intermedia),196.80397878977237,1000
535,Parada 3 (Intermedia),296.3861597648356,1000
535,Parada 4 (SAN VICENTE),165.03600876987912,1000
536,Parada 2 (Intermedia),191.29230712907156,1000
536,Parada 3 (Intermedia),187.6423785679508,1000
536,Parada 4 (SAN VICENTE),302.753529613663,1000
537,Parada 2 (Intermedia),182.45291600259952,1000
537,Parada 3 (Intermedia),11.662272107903846,1000
537,Parada 4 (SAN VICENTE),165.19277469202643,1000
538,Parada 2 (Intermedia),148.80613984109368,1000
538,Parada 3 (Intermedia),155.5693043047213,1000
538,Parada 4 (SAN VICENTE),242.5660805570078,1000
539,Parada 2 (Intermedia),17.579271739406977,1000
539,Parada 3 (Intermedia),202.17991069203708,1000
539,Parada 4 (SAN VICENTE),50.066992382053286,1000
540,Parada 2 (Intermedia),20.860204205615446,1000
540,Parada 3 (Intermedia),150.97712868481176,1000
540,Parada 4 (SAN VICENTE),327.51368542626733,1000
541,Parada 2 (Intermedia),120.6391547860112,1000
541,Parada 3 (Intermedia),156.16146168566775,1000
541,Parada 4 (SAN VICENTE),267.7570475079701,1000
542,Parada 2 (Intermedia),42.43327064992627,1000
542,Parada 4 (SAN VICENTE),62.29705112450756,1000
543,Parada 3 (Intermedia),204.2331435981905,1000
543,Parada 4 (SAN VICENTE),67.38711409276584,1000
544,Parada 2 (Intermedia),196.9390166773228,1000
544,Parada 3 (Intermedia),54.12087286473252,1000
545,Parada 2 (Intermedia),135.50834165129345,1000
545,Parada 3 (Intermedia),205.16494615428383,1000
545,Parada 4 (SAN VICENTE),213.15566924435552,1000
546,Parada 2 (Intermedia),106.99988061375916,1000
546,Parada 4 (SAN VICENTE),13.022854585724417,1000
547,Parada 3 (Intermedia),42.38592519314261,1000
547,Parada 4 (SAN VICENTE),250.336497214681,1000
548,Parada 3 (Intermedia),9.861317011527717,1000
550,Parada 2 (Intermedia),91.06539299531141,1000
550,Parada 3 (Intermedia),91.01012677856488,1000
550,Parada 4 (SAN VICENTE),25.610203704971354,1000
551,Parada 2 (Intermedia),127.61413145699771,1000
551,Parada 3 (Intermedia),19.080790991778485,1000
552,Parada 3 (Intermedia),50.95040545135271,1000
552,Parada 4 (SAN VICENTE),140.13988706143573,1000
554,Parada 3 (Intermedia),125.27490189077798,1000
554,Parada 4 (SAN VICENTE),155.98892497288762,1000
555,Parada 4 (SAN VICENTE),128.47507613617927,1000
556,Parada 2 (Intermedia),24.253407454350963,1000
556,Parada 3 (Intermedia),240.8032045174623,1000
556,Parada 4 (SAN VICENTE),424.2712588860304,1000
559,Parada 4 (SAN VICENTE),187.28705594071653,1000
560,Parada 2 (Intermedia),83.70984935865272,1000
561,Parada 2 (Intermedia),215.81587232049787,1000
561,Parada 3 (Intermedia),272.47451231395826,1000
561,Parada 4 (SAN VICENTE),182.73133065586444,1000
563,Parada 4 (SAN VICENTE),26.513849842594936,1000
564,Parada 3 (Intermedia),109.18696222966537,1000
564,Parada 4 (SAN VICENTE),25.28742820577463,1000
565,Parada 2 (Intermedia),97.60431065573357,1000
565,Parada 3 (Intermedia),289.4287858460448,1000
565,Parada 4 (SAN VICENTE),463.81664623488905,1000
566,Parada 2 (Intermedia),14.49300889740698,1000
566,Parada 4 (SAN VICENTE),145.57822756207315,1000
567,Parada 2 (Intermedia),111.48781724384753,1000
567,Parada 3 (Intermedia),57.294829414226115,1000
567,Parada 4 (SAN VICENTE),248.72516976488987,1000
568,Parada 2 (Intermedia),25.28072507592151,1000
568,Parada 3 (Intermedia),116.82685830455739,1000
568,Parada 4 (SAN VICENTE),119.32815413823118,1000
569,Parada 4 (SAN VICENTE),97.86304225452477,1000
570,Parada 2 (Intermedia),170.26533538318472,1000
570,Parada 3 (Intermedia),285.18826515058754,1000
570,Parada 4 (SAN VICENTE),504.46111394796753,1000
571,Parada 2 (Intermedia),41.87674103694735,1000
571,Parada 3 (Intermedia),257.44773775490467,1000
571,Parada 4 (SAN VICENTE),368.01535874966066,1000
573,Parada 4 (SAN VICENTE),184.2278373107547,1000
574,Parada 2 (Intermedia),183.5295617916272,1000
574,Parada 3 (Intermedia),56.56370578648057,1000
574,Parada 4 (SAN VICENTE),140.1881430950598,1000
576,Parada 2 (Intermedia),171.86595943756402,1000
576,Parada 3 (Intermedia),210.7134046292631,1000
576,Parada 4 (SAN VICENTE),401.17586241976824,1000
577,Parada 2 (Intermedia),201.24887862068135,1000
577,Parada 3 (Intermedia),377.1128226328874,1000
577,Parada 4 (SAN VICENTE),592.2811328137759,1000
579,Parada 3 (Intermedia),69.87902312137885,1000
579,Parada 4 (SAN VICENTE),69.12595418060664,1000
580,Parada 2 (Intermedia),43.528042015619576,1000
580,Parada 3 (Intermedia),191.9646785807563,1000
580,Parada 4 (SAN VICENTE),254.12436296523083,1000
583,Parada 2 (Intermedia),2.767499267414678,1000
583,Parada 3 (Intermedia),205.58952795213554,1000
583,Parada 4 (SAN VICENTE),324.24986275157426,1000
584,Parada 2 (Intermedia),163.76504093350377,1000
584,Parada 3 (Intermedia),319.80038625124143,1000
584,Parada 4 (SAN VICENTE),274.23156133055454,1000
585,Parada 2 (Intermedia),67.98799237544881,1000
585,Parada 4 (SAN VICENTE),82.29756222048309,1000
586,Parada 3 (Intermedia),29.016744757420383,1000
586,Parada 4 (SAN VICENTE),58.41579731722595,1000
587,Parada 2 (Intermedia),140.5878504604916,1000
587,Parada 3 (Intermedia),301.23186989233363,1000
587,Parada 4 (SAN VICENTE),377.1822320155916,1000
588,Parada 2 (Intermedia),93.20094042387791,1000
588,Parada 3 (Intermedia),95.09260174148949,1000
589,Parada 2 (Intermedia),223.97010289045284,1000
589,Parada 3 (Intermedia),421.2943812791491,1000
589,Parada 4 (SAN VICENTE),377.14728046080563,1000
590,Parada 2 (Intermedia),163.3680166559061,1000
590,Parada 3 (Intermedia),227.06738097779453,1000
590,Parada 4 (SAN VICENTE),95.75100427080179,1000
591,Parada 2 (Intermedia),184.25868033326697,1000
591,Parada 3 (Intermedia),319.46738550357986,1000
591,Parada 4 (SAN VICENTE),508.6126394716557,1000
592,Parada 2 (Intermedia),146.4531567900558,1000
594,Parada 2 (Intermedia),59.51938704488566,1000
594,Parada 3 (Intermedia),4.617567771638278,1000
596,Parada 2 (Intermedia),54.84612465387909,1000
596,Parada 3 (Intermedia),27.23139765515225,1000
597,Parada 2 (Intermedia),200.36920690984698,1000
597,Parada 3 (Intermedia),226.90105677588144,1000
597,Parada 4 (SAN VICENTE),364.1140994153684,1000
600,Parada 3 (Intermedia),147.5555109763518,1000
600,Parada 4 (SAN VICENTE),308.9361885189428,1000
603,Parada 2 (Intermedia),31.974036736879498,1000
603,Parada 3 (Intermedia),69.10297354857903,1000
603,Parada 4 (SAN VICENTE),279.37917841237504,1000
605,Parada 2 (Intermedia),205.0936746186344,1000
605,Parada 3 (Intermedia),360.44486036052695,1000
605,Parada 4 (SAN VICENTE),384.08638226089533,1000
606,Parada 2 (Intermedia),11.29184628801886,1000
607,Parada 3 (Intermedia),124.33317661087494,1000
607,Parada 4 (SAN VICENTE),157.3826458135154,1000
609,Parada 2 (Intermedia),228.14043720375048,1000
609,Parada 3 (Intermedia),512.8177728246083,1000
609,Parada 4 (SAN VICENTE),403.28505361283896,1000
610,Parada 2 (Intermedia),96.13926407351391,1000
610,Parada 3 (Intermedia),34.13282655569492,1000
610,Parada 4 (SAN VICENTE),249.585773864761,1000
611,Parada 2 (Intermedia),7.854242233210243,1000
612,Parada 2 (Intermedia),87.28554023371544,1000
612,Parada 3 (Intermedia),251.06540087418398,1000
612,Parada 4 (SAN VICENTE),131.8816177828121,1000
613,Parada 3 (Intermedia),80.91160914179636,1000
614,Parada 4 (SAN VICENTE),85.00209364696639,1000
617,Parada 2 (Intermedia),197.92132980079623,1000
617,Parada 3 (Intermedia),221.05226165876957,1000
617,Parada 4 (SAN VICENTE),140.19371940509882,1000
618,Parada 2 (Intermedia),23.65744703123346,1000
620,Parada 2 (Intermedia),5.239634458557703,1000
621,Parada 2 (Intermedia),35.21727918856777,1000
621,Parada 3 (Intermedia),236.99180592835182,1000
621,Parada 4 (SAN VICENTE),412.20752644824097,1000
622,Parada 2 (Intermedia),11.579136240645312,1000
622,Parada 3 (Intermedia),204.07524503656896,1000
622,Parada 4 (SAN VICENTE),205.43563156662276,1000
623,Parada 3 (Intermedia),153.25188363995403,1000
623,Parada 4 (SAN VICENTE),31.59052228782093,1000
624,Parada 2 (Intermedia),178.1157761340728,1000
624,Parada 3 (Intermedia),84.29035106097581,1000
625,Parada 2 (Intermedia),102.56659188208869,1000
625,Parada 4 (SAN VICENTE),149.3109632965061,1000
627,Parada 2 (Intermedia),24.889651119883638,1000
627,Parada 3 (Intermedia),148.16223461704794,1000
627,Parada 4 (SAN VICENTE),301.61062843131367,1000
628,Parada 2 (Intermedia),142.54826160741504,1000
628,Parada 3 (Intermedia),250.29322201537434,1000
628,Parada 4 (SAN VICENTE),128.09711072174832,1000
629,Parada 2 (Intermedia),96.68051855795784,1000
629,Parada 3 (Intermedia),75.57810563838575,1000
629,Parada 4 (SAN VICENTE),44.240315583883785,1000
630,Parada 3 (Intermedia),3.0962942064506933,1000
630,Parada 4 (SAN VICENTE),18.113756500184536,1000
631,Parada 2 (Intermedia),110.99992324021878,1000
631,Parada 3 (Intermedia),51.054933067178354,1000
631,Parada 4 (SAN VICENTE),110.70069987809984,1000
632,Parada 2 (Intermedia),36.511971720086876,1000
632,Parada 3 (Intermedia),58.16453210444888,1000
632,Parada 4 (SAN VICENTE),106.94823751598597,1000
633,Parada 2 (Intermedia),131.0563220240292,1000
634,Parada 3 (Intermedia),109.0435618571355,1000
635,Parada 2 (Intermedia),37.04382882226491,1000
636,Parada 2 (Intermedia),166.44333506934345,1000
636,Parada 3 (Intermedia),139.93865050352179,1000
636,Parada 4 (SAN VICENTE),62.811483625671826,1000
637,Parada 2 (Intermedia),221.33405478973873,1000
637,Parada 3 (Intermedia),376.63382301601814,1000
637,Parada 4 (SAN VICENTE),261.29442973661935,1000
639,Parada 2 (Intermedia),89.11096664273646,1000
639,Parada 3 (Intermedia),270.05566762038507,1000
639,Parada 4 (SAN VICENTE),192.38561182568083,1000
640,Parada 3 (Intermedia),175.45154134504264,1000
640,Parada 4 (SAN VICENTE),106.17272571101785,1000
641,Parada 2 (Intermedia),42.37061417044606,1000
641,Parada 4 (SAN VICENTE),192.85681388538796,1000
643,Parada 2 (Intermedia),33.28651862492552,1000
645,Parada 2 (Intermedia),73.92601967044175,1000
645,Parada 3 (Intermedia),307.74678012164077,1000
645,Parada 4 (SAN VICENTE),421.3736227800837,1000
647,Parada 2 (Intermedia),94.61223689781036,1000
647,Parada 3 (Intermedia),243.2924252927187,1000
647,Parada 4 (SAN VICENTE),129.75323027331615,1000
648,Parada 2 (Intermedia),199.4071109625511,1000
648,Parada 3 (Intermedia),419.98295376851456,1000
648,Parada 4 (SAN VICENTE),298.7658649979858,1000
649,Parada 2 (Intermedia),81.04712637537159,1000
649,Parada 3 (Intermedia),247.61288855830207,1000
649,Parada 4 (SAN VICENTE),370.04061126260785,1000
651,Parada 3 (Intermedia),157.09029665507842,1000
651,Parada 4 (SAN VICENTE),313.126869476866,1000
653,Parada 2 (Intermedia),140.70179298950825,1000
653,Parada 3 (Intermedia),312.23563838994596,1000
653,Parada 4 (SAN VICENTE),235.3936459835968,1000
654,Parada 2 (Intermedia),130.1910499513615,1000
654,Parada 3 (Intermedia),71.15252080070786,1000
654,Parada 4 (SAN VICENTE),118.1062227205257,1000
655,Parada 3 (Intermedia),9.822116111870855,1000
657,Parada 2 (Intermedia),177.67120805341983,1000
657,Parada 3 (Intermedia),186.33967248391127,1000
657,Parada 4 (SAN VICENTE),261.07953003869625,1000
658,Parada 2 (Intermedia),45.95220871211495,1000
659,Parada 2 (Intermedia),240.24477794830455,1000
659,Parada 3 (Intermedia),369.5659559892956,1000
659,Parada 4 (SAN VICENTE),397.9890724597499,1000
661,Parada 4 (SAN VICENTE),38.986661540926434,1000
662,Parada 4 (SAN VICENTE),115.32018487318419,1000
663,Parada 2 (Intermedia),206.48465198336635,1000
663,Parada 3 (Intermedia),332.6112527278601,1000
663,Parada 4 (SAN VICENTE),357.0360199138522,1000
664,Parada 2 (Intermedia),74.6399672057014,1000
664,Parada 3 (Intermedia),199.89999413653277,1000
664,Parada 4 (SAN VICENTE),112.21967506682267,1000
666,Parada 2 (Intermedia),129.8707617330365,1000
666,Parada 3 (Intermedia),14.94701641186839,1000
666,Parada 4 (SAN VICENTE),109.16171012143604,1000
667,Parada 2 (Intermedia),185.82516412239056,1000
667,Parada 3 (Intermedia),116.36841158923926,1000
667,Parada 4 (SAN VICENTE),201.08587269013515,1000
668,Parada 2 (Intermedia),188.94225593592273,1000
668,Parada 3 (Intermedia),69.33368149516173,1000
668,Parada 4 (SAN VICENTE),241.04304522799794,1000
669,Parada 2 (Intermedia),96.34407712781103,1000
669,Parada 3 (Intermedia),212.03540117142256,1000
669,Parada 4 (SAN VICENTE),179.4543494482059,1000
670,Parada 4 (SAN VICENTE),46.91470889013726,1000
672,Parada 4 (SAN VICENTE),106.85676558798878,1000
674,Parada 2 (Intermedia),212.8286010849406,1000
674,Parada 3 (Intermedia),331.2125677167787,1000
674,Parada 4 (SAN VICENTE),247.46668832655996,1000
676,Parada 2 (Intermedia),141.63132057897747,1000
676,Parada 3 (Intermedia),282.24157289095456,1000
676,Parada 4 (SAN VICENTE),474.6159171786858,1000
678,Parada 3 (Intermedia),51.368842996424064,1000
678,Parada 4 (SAN VICENTE),197.63834434293676,1000
679,Parada 2 (Intermedia),47.372699165774975,1000
679,Parada 3 (Intermedia),279.8296237110626,1000
679,Parada 4 (SAN VICENTE),228.8653677314869,1000
680,Parada 2 (Intermedia),85.73378515074728,1000
680,Parada 3 (Intermedia),259.45384515670594,1000
680,Parada 4 (SAN VICENTE),179.30451316345716,1000
681,Parada 2 (Intermedia),72.28313945420086,1000
681,Parada 3 (Intermedia),267.7001754420344,1000
681,Parada 4 (SAN VICENTE),139.8619269609335,1000
682,Parada 2 (Intermedia),138.18357787060086,1000
682,Parada 3 (Intermedia),241.69411172962282,1000
682,Parada 4 (SAN VICENTE),309.734527459892,1000
683,Parada 2 (Intermedia),199.57114417915,1000
683,Parada 3 (Intermedia),424.0719651315594,1000
683,Parada 4 (SAN VICENTE),288.99445208115503,1000
684,Parada 4 (SAN VICENTE),11.538441730372142,1000
685,Parada 2 (Intermedia),38.378990452736616,1000
685,Parada 3 (Intermedia),226.4295776335639,1000
685,Parada 4 (SAN VICENTE),428.08453267539153,1000
686,Parada 4 (SAN VICENTE),50.88240122125717,1000
687,Parada 3 (Intermedia),5.103558165836148,1000
688,Parada 2 (Intermedia),214.52183393237647,1000
688,Parada 3 (Intermedia),55.39011484448565,1000
688,Parada 4 (SAN VICENTE),110.8650056598708,1000
689,Parada 2 (Intermedia),201.35815880662994,1000
689,Parada 3 (Intermedia),264.69736129429657,1000
689,Parada 4 (SAN VICENTE),249.0762748986599,1000
690,Parada 3 (Intermedia),148.35432922729524,1000
690,Parada 4 (SAN VICENTE),338.18669012049213,1000
691,Parada 2 (Intermedia),103.54647937580012,1000
691,Parada 3 (Intermedia),143.3781355949468,1000
692,Parada 2 (Intermedia),200.08708442765055,1000
692,Parada 3 (Intermedia),397.1503204255714,1000
692,Parada 4 (SAN VICENTE),620.3604100531666,1000
693,Parada 2 (Intermedia),34.24726497329539,1000
694,Parada 2 (Intermedia),48.39300942549016,1000
694,Parada 3 (Intermedia),70.09565504570492,1000
694,Parada 4 (SAN VICENTE),120.03285711200442,1000
695,Parada 2 (Intermedia),34.492381251533516,1000
695,Parada 3 (Intermedia),241.1573880474898,1000
695,Parada 4 (SAN VICENTE),177.84291962737916,1000
696,Parada 2 (Intermedia),206.96419245039579,1000
696,Parada 3 (Intermedia),159.95672650187043,1000
696,Parada 4 (SAN VICENTE),202.7996813362115,1000
697,Parada 3 (Intermedia),55.77799205266638,1000
697,Parada 4 (SAN VICENTE),16.596887886873446,1000
698,Parada 2 (Intermedia),73.80330374883488,1000
698,Parada 3 (Intermedia),125.55404208810069,1000
699,Parada 2 (Intermedia),48.09959489508765,1000
699,Parada 3 (Intermedia),268.31424879672704,1000
699,Parada 4 (SAN VICENTE),264.35734614846297,1000
700,Parada 2 (Intermedia),196.5911371667171,1000
700,Parada 3 (Intermedia),202.1269812383689,1000
700,Parada 4 (SAN VICENTE),386.61196397279855,1000
701,Parada 2 (Intermedia),68.69662872573826,1000
702,Parada 2 (Intermedia),142.2252733554924,1000
702,Parada 3 (Intermedia),156.29631420818623,1000
702,Parada 4 (SAN VICENTE),8.891120329441037,1000
703,Parada 2 (Intermedia),65.79968074616045,1000
703,Parada 4 (SAN VICENTE),93.25640617340105,1000
704,Parada 2 (Intermedia),204.44100001256447,1000
704,Parada 3 (Intermedia),533.0936180701829,1000
704,Parada 4 (SAN VICENTE),441.4028569686925,1000
705,Parada 2 (Intermedia),25.49761141248746,1000
705,Parada 3 (Intermedia),22.785695772094186,1000
705,Parada 4 (SAN VICENTE),226.01388022431638,1000
707,Parada 2 (Intermedia),91.9090365699376,1000
707,Parada 3 (Intermedia),125.35804554063361,1000
709,Parada 2 (Intermedia),192.20613145042444,1000
709,Parada 3 (Intermedia),43.17177890287712,1000
709,Parada 4 (SAN VICENTE),213.37440207938198,1000
710,Parada 2 (Intermedia),36.086977613391355,1000
710,Parada 3 (Intermedia),222.81557710905327,1000
710,Parada 4 (SAN VICENTE),334.01571034657536,1000
711,Parada 2 (Intermedia),130.34905280248495,1000
711,Parada 3 (Intermedia),277.4316044700099,1000
711,Parada 4 (SAN VICENTE),415.22936217312235,1000
712,Parada 3 (Intermedia),12.483905272383709,1000
712,Parada 4 (SAN VICENTE),140.60134017356904,1000
713,Parada 2 (Intermedia),107.94133921468165,1000
713,Parada 3 (Intermedia),293.4553199367365,1000
713,Parada 4 (SAN VICENTE),476.0238177078427,1000
714,Parada 3 (Intermedia),35.127668504428584,1000
715,Parada 2 (Intermedia),214.11206898861565,1000
715,Parada 3 (Intermedia),366.34635275177425,1000
715,Parada 4 (SAN VICENTE),571.9701174898073,1000
716,Parada 2 (Intermedia),65.62864224234363,1000
716,Parada 3 (Intermedia),138.6603337462293,1000
716,Parada 4 (SAN VICENTE),315.08203325793147,1000
717,Parada 3 (Intermedia),80.72582997189602,1000
717,Parada 4 (SAN VICENTE),223.50090518366778,1000
718,Parada 2 (Intermedia),187.28441466746153,1000
718,Parada 3 (Intermedia),44.284838615276385,1000
719,Parada 3 (Intermedia),15.060465827293228,1000
719,Parada 4 (SAN VICENTE),91.72084586077835,1000
721,Parada 2 (Intermedia),187.8871956531657,1000
721,Parada 3 (Intermedia),94.74939286790323,1000
721,Parada 4 (SAN VICENTE),49.39468281768495,1000
722,Parada 4 (SAN VICENTE),153.89247215277283,1000
723,Parada 2 (Intermedia),89.92555000790162,1000
725,Parada 3 (Intermedia),1.1811723987339064,1000
726,Parada 2 (Intermedia),207.43125052924734,1000
726,Parada 3 (Intermedia),431.47080938256113,1000
726,Parada 4 (SAN VICENTE),558.3251906610676,1000
727,Parada 2 (Intermedia),153.97231782856397,1000
727,Parada 3 (Intermedia),212.94287746219197,1000
727,Parada 4 (SAN VICENTE),152.35296917503,1000
728,Parada 4 (SAN VICENTE),47.50610213557957,1000
729,Parada 3 (Intermedia),100.11018486489775,1000
729,Parada 4 (SAN VICENTE),20.08818955370225,1000
730,Parada 4 (SAN VICENTE),28.571493864874355,1000
731,Parada 2 (Intermedia),165.23510701482883,1000
731,Parada 3 (Intermedia),252.34039630112238,1000
731,Parada 4 (SAN VICENTE),444.4125109782908,1000
732,Parada 2 (Intermedia),204.0143381645903,1000
732,Parada 3 (Intermedia),230.8297378635034,1000
732,Parada 4 (SAN VICENTE),98.86023121041944,1000
733,Parada 2 (Intermedia),189.66669381590327,1000
733,Parada 3 (Intermedia),533.418469828961,1000
733,Parada 4 (SAN VICENTE),729.4275758701842,1000
734,Parada 2 (Intermedia),182.3192680493812,1000
734,Parada 3 (Intermedia),226.77977710135747,1000
734,Parada 4 (SAN VICENTE),252.40752156218514,1000
736,Parada 2 (Intermedia),203.63189024862368,1000
736,Parada 3 (Intermedia),75.01307058654493,1000
736,Parada 4 (SAN VICENTE),179.7967849561246,1000
737,Parada 2 (Intermedia),49.5349858776317,1000
738,Parada 2 (Intermedia),99.98958024574677,1000
738,Parada 3 (Intermedia),306.7018059930415,1000
738,Parada 4 (SAN VICENTE),391.3581844823784,1000
739,Parada 2 (Intermedia),172.5855781515711,1000
739,Parada 3 (Intermedia),158.48834645823808,1000
739,Parada 4 (SAN VICENTE),79.06006764579797,1000
740,Parada 2 (Intermedia),172.15027650253614,1000
740,Parada 3 (Intermedia),375.0564023212646,1000
740,Parada 4 (SAN VICENTE),236.417824925913,1000
741,Parada 2 (Intermedia),276.039430871082,1000
741,Parada 3 (Intermedia),570.0233502847259,1000
741,Parada 4 (SAN VICENTE),709.0923704794259,1000
742,Parada 2 (Intermedia),28.859189064532984,1000
744,Parada 3 (Intermedia),131.767341097584,1000
744,Parada 4 (SAN VICENTE),137.9573256301228,1000
745,Parada 2 (Intermedia),195.22167449456174,1000
745,Parada 3 (Intermedia),360.28687652759254,1000
745,Parada 4 (SAN VICENTE),485.03276534361066,1000
746,Parada 2 (Intermedia),149.06671505508712,1000
746,Parada 3 (Intermedia),297.48933511483483,1000
746,Parada 4 (SAN VICENTE),309.4782614419237,1000
747,Parada 2 (Intermedia),225.56696623726748,1000
747,Parada 3 (Intermedia),151.27548085694434,1000
749,Parada 2 (Intermedia),100.76110751286615,1000
749,Parada 3 (Intermedia),498.59624115464976,1000
749,Parada 4 (SAN VICENTE),500.5882947598002,1000
750,Parada 2 (Intermedia),186.92345098865917,1000
750,Parada 3 (Intermedia),361.2063437666511,1000
750,Parada 4 (SAN VICENTE),468.9335140676121,1000
753,Parada 2 (Intermedia),5.955251662118826,1000
753,Parada 3 (Intermedia),70.8428452888038,1000
755,Parada 2 (Intermedia),25.204781408945564,1000
755,Parada 3 (Intermedia),21.437231785035692,1000
757,Parada 3 (Intermedia),12.887958845240064,1000
757,Parada 4 (SAN VICENTE),42.74669735401403,1000
758,Parada 2 (Intermedia),76.40413862763671,1000
758,Parada 3 (Intermedia),163.84429570374778,1000
758,Parada 4 (SAN VICENTE),228.7425335717271,1000
759,Parada 2 (Intermedia),157.33385788428131,1000
759,Parada 3 (Intermedia),3.5392994215362705,1000
760,Parada 2 (Intermedia),144.31068760482594,1000
760,Parada 4 (SAN VICENTE),140.93968419748126,1000
761,Parada 3 (Intermedia),129.07681316195522,1000
761,Parada 4 (SAN VICENTE),134.60619714908535,1000
762,Parada 2 (Intermedia),223.54774374864064,1000
762,Parada 3 (Intermedia),149.94582256668946,1000
762,Parada 4 (SAN VICENTE),8.282136222813278,1000
764,Parada 3 (Intermedia),127.50150804716395,1000
764,Parada 4 (SAN VICENTE),58.865224778535776,1000
766,Parada 2 (Intermedia),208.8343231183826,1000
766,Parada 3 (Intermedia),361.89809920074185,1000
766,Parada 4 (SAN VICENTE),466.2953265781398,1000
767,Parada 3 (Intermedia),81.55828125873813,1000
767,Parada 4 (SAN VICENTE),273.0605521086836,1000
769,Parada 3 (Intermedia),112.898517798807,1000
769,Parada 4 (SAN VICENTE),124.02681451418903,1000
771,Parada 2 (Intermedia),161.90952104056487,1000
771,Parada 3 (Intermedia),224.69782304402906,1000
771,Parada 4 (SAN VICENTE),58.94781054655323,1000
772,Parada 2 (Intermedia),5.387469031498767,1000
773,Parada 4 (SAN VICENTE),66.73662354034605,1000
774,Parada 4 (SAN VICENTE),59.240202681336086,1000
775,Parada 2 (Intermedia),93.69799854786834,1000
775,Parada 3 (Intermedia),214.30412071867613,1000
775,Parada 4 (SAN VICENTE),107.45497207291191,1000
776,Parada 2 (Intermedia),40.486683827941306,1000
778,Parada 2 (Intermedia),223.57166444393806,1000
778,Parada 3 (Intermedia),378.8986471450771,1000
778,Parada 4 (SAN VICENTE),467.3926468199352,1000
779,Parada 2 (Intermedia),211.0305505018914,1000
779,Parada 3 (Intermedia),312.8978956704377,1000
779,Parada 4 (SAN VICENTE),429.9885080422391,1000
780,Parada 2 (Intermedia),101.47310073202243,1000
780,Parada 3 (Intermedia),175.11714635934914,1000
780,Parada 4 (SAN VICENTE),199.89464451913955,1000
782,Parada 2 (Intermedia),84.03579086781247,1000
782,Parada 3 (Intermedia),138.80356898141326,1000
782,Parada 4 (SAN VICENTE),137.34673655976076,1000
783,Parada 2 (Intermedia),203.626711430843,1000
783,Parada 3 (Intermedia),278.7644653493189,1000
783,Parada 4 (SAN VICENTE),470.4725523649249,1000
784,Parada 4 (SAN VICENTE),93.02337275375612,1000
786,Parada 2 (Intermedia),83.03026421321556,1000
786,Parada 3 (Intermedia),202.40551920002326,1000
786,Parada 4 (SAN VICENTE),177.6894675900694,1000
787,Parada 2 (Intermedia),32.66853859857656,1000
787,Parada 3 (Intermedia),224.3493156694458,1000
787,Parada 4 (SAN VICENTE),247.88114065822447,1000
788,Parada 2 (Intermedia),160.15149670327082,1000
788,Parada 3 (Intermedia),295.0045683690114,1000
788,Parada 4 (SAN VICENTE),334.51573032693705,1000
789,Parada 3 (Intermedia),36.430185664095916,1000
789,Parada 4 (SAN VICENTE),194.93644032324664,1000
790,Parada 2 (Intermedia),223.85590509983012,1000
790,Parada 3 (Intermedia),460.0514722651569,1000
790,Parada 4 (SAN VICENTE),490.4057868422824,1000
791,Parada 2 (Intermedia),69.40286048548296,1000
791,Parada 3 (Intermedia),147.59116158884717,1000
791,Parada 4 (SAN VICENTE),293.7424955085153,1000
792,Parada 4 (SAN VICENTE),101.10990366525948,1000
793,Parada 2 (Intermedia),208.37354501365917,1000
793,Parada 3 (Intermedia),366.17440817976603,1000
793,Parada 4 (SAN VICENTE),511.71984153590165,1000
794,Parada 2 (Intermedia),167.05381713010138,1000
794,Parada 3 (Intermedia),194.19538187078433,1000
794,Parada 4 (SAN VICENTE),384.90723144373624,1000
795,Parada 2 (Intermedia),33.252039175189566,1000
797,Parada 2 (Intermedia),192.10033739265054,1000
797,Parada 3 (Intermedia),89.44341004965827,1000
797,Parada 4 (SAN VICENTE),147.890187322977,1000
798,Parada 2 (Intermedia),82.61735844466602,1000
798,Parada 3 (Intermedia),113.30909432074986,1000
798,Parada 4 (SAN VICENTE),79.91120592341758,1000
801,Parada 2 (Intermedia),27.68555278610438,1000
801,Parada 3 (Intermedia),173.73853415151825,1000
801,Parada 4 (SAN VICENTE),37.31126590643544,1000
802,Parada 2 (Intermedia),235.50918582157465,1000
802,Parada 3 (Intermedia),222.82026364386547,1000
802,Parada 4 (SAN VICENTE),265.6441012538271,1000
804,Parada 3 (Intermedia),77.26326447271276,1000
805,Parada 3 (Intermedia),37.51458872441435,1000
805,Parada 4 (SAN VICENTE),242.08767167973565,1000
806,Parada 2 (Intermedia),223.5195265657385,1000
806,Parada 3 (Intermedia),122.91710549476556,1000
806,Parada 4 (SAN VICENTE),251.32143269776134,1000
807,Parada 3 (Intermedia),91.41187214793172,1000
807,Parada 4 (SAN VICENTE),286.2954528693226,1000
809,Parada 2 (Intermedia),230.73415522149298,1000
809,Parada 3 (Intermedia),432.62801381072495,1000
809,Parada 4 (SAN VICENTE),760.8202267501038,1000
810,Parada 2 (Intermedia),94.28676736494526,1000
810,Parada 3 (Intermedia),220.61978295003064,1000
810,Parada 4 (SAN VICENTE),144.85542074631667,1000
811,Parada 2 (Intermedia),41.02035008312669,1000
811,Parada 4 (SAN VICENTE),34.90301849035313,1000
812,Parada 3 (Intermedia),135.18278129585087,1000
812,Parada 4 (SAN VICENTE),213.26018022367498,1000
813,Parada 2 (Intermedia),188.46231117332354,1000
813,Parada 3 (Intermedia),229.7911388517823,1000
813,Parada 4 (SAN VICENTE),435.7592489022063,1000
814,Parada 2 (Intermedia),108.93481906020315,1000
814,Parada 3 (Intermedia),193.67548788397107,1000
814,Parada 4 (SAN VICENTE),330.0056729990174,1000
815,Parada 3 (Intermedia),67.04186894651502,1000
815,Parada 4 (SAN VICENTE),26.754444258636795,1000
816,Parada 2 (Intermedia),26.638825370464474,1000
816,Parada 3 (Intermedia),261.27494627796113,1000
816,Parada 4 (SAN VICENTE),352.06838179484475,1000
817,Parada 3 (Intermedia),2.6053449031314813,1000
819,Parada 2 (Intermedia),266.60734180145664,1000
819,Parada 3 (Intermedia),478.53735845233314,1000
819,Parada 4 (SAN VICENTE),448.99025912268553,1000
820,Parada 2 (Intermedia),4.624993533419911,1000
820,Parada 4 (SAN VICENTE),35.69344373274362,1000
821,Parada 2 (Intermedia),219.2650716060889,1000
821,Parada 3 (Intermedia),237.19588622404262,1000
821,Parada 4 (SAN VICENTE),293.4491223390796,1000
822,Parada 2 (Intermedia),72.58835124294274,1000
822,Parada 3 (Intermedia),272.2331956170965,1000
822,Parada 4 (SAN VICENTE),352.9709177876939,1000
825,Parada 3 (Intermedia),153.0123175086337,1000
825,Parada 4 (SAN VICENTE),395.72858360630926,1000
826,Parada 2 (Intermedia),104.75974542379845,1000
826,Parada 3 (Intermedia),209.84301633480936,1000
826,Parada 4 (SAN VICENTE),212.91136922553414,1000
827,Parada 2 (Intermedia),17.20515484106727,1000
828,Parada 4 (SAN VICENTE),84.50165335542988,1000
830,Parada 2 (Intermedia),69.9442208308028,1000
830,Parada 3 (Intermedia),290.02154915535357,1000
830,Parada 4 (SAN VICENTE),195.40099489694694,1000
831,Parada 3 (Intermedia),145.7306154324324,1000
831,Parada 4 (SAN VICENTE),277.4027772519039,1000
832,Parada 3 (Intermedia),110.6959079632652,1000
832,Parada 4 (SAN VICENTE),258.3267299188883,1000
833,Parada 4 (SAN VICENTE),115.22809897182742,1000
834,Parada 2 (Intermedia),193.46829367009923,1000
834,Parada 3 (Intermedia),379.62658094929066,1000
834,Parada 4 (SAN VICENTE),501.1231422777055,1000
835,Parada 2 (Intermedia),44.696525800798554,1000
835,Parada 3 (Intermedia),231.0407587357331,1000
835,Parada 4 (SAN VICENTE),77.30876181210624,1000
836,Parada 2 (Intermedia),120.55842439009575,1000
836,Parada 3 (Intermedia),158.42231443710625,1000
836,Parada 4 (SAN VICENTE),340.6471797472914,1000
837,Parada 3 (Intermedia),44.443229456432164,1000
837,Parada 4 (SAN VICENTE),59.218727876315825,1000
838,Parada 2 (Intermedia),54.199707499239594,1000
839,Parada 2 (Intermedia),211.48402479616925,1000
839,Parada 3 (Intermedia),78.80628834821982,1000
841,Parada 2 (Intermedia),218.75006229354767,1000
841,Parada 3 (Intermedia),399.0722680230974,1000
841,Parada 4 (SAN VICENTE),561.6346953582834,1000
844,Parada 2 (Intermedia),235.51240801170934,1000
844,Parada 3 (Intermedia),389.7291568770306,1000
844,Parada 4 (SAN VICENTE),421.43378384341486,1000
845,Parada 2 (Intermedia),50.47105835349066,1000
846,Parada 2 (Intermedia),235.53269101207843,1000
846,Parada 3 (Intermedia),129.5420470799436,1000
846,Parada 4 (SAN VICENTE),349.28125032648677,1000
848,Parada 2 (Intermedia),191.56049999967217,1000
848,Parada 3 (Intermedia),414.1489407599438,1000
848,Parada 4 (SAN VICENTE),291.96509856777266,1000
849,Parada 2 (Intermedia),32.07189096411457,1000
849,Parada 3 (Intermedia),34.03979820176028,1000
849,Parada 4 (SAN VICENTE),156.53742310131202,1000
850,Parada 2 (Intermedia),318.2233256424079,1000
850,Parada 3 (Intermedia),362.7431345809018,1000
850,Parada 4 (SAN VICENTE),404.27315460244427,1000
851,Parada 2 (Intermedia),211.01916447957046,1000
851,Parada 3 (Intermedia),54.63370297837537,1000
851,Parada 4 (SAN VICENTE),157.99956460401881,1000
852,Parada 2 (Intermedia),120.02867278998019,1000
852,Parada 4 (SAN VICENTE),64.61555033398326,1000
853,Parada 4 (SAN VICENTE),153.81559001794085,1000
854,Parada 3 (Intermedia),100.3523007024196,1000
854,Parada 4 (SAN VICENTE),66.30963094619801,1000
855,Parada 2 (Intermedia),168.87429582234472,1000
855,Parada 3 (Intermedia),54.7712861346663,1000
855,Parada 4 (SAN VICENTE),198.29875558096683,1000
856,Parada 2 (Intermedia),62.2196599203744,1000
856,Parada 4 (SAN VICENTE),183.61601517075906,1000
857,Parada 3 (Intermedia),150.74300338036846,1000
857,Parada 4 (SAN VICENTE),206.04736596043222,1000
858,Parada 2 (Intermedia),8.471880456490908,1000
858,Parada 3 (Intermedia),136.89546261995565,1000
858,Parada 4 (SAN VICENTE),154.42494288057787,1000
859,Parada 2 (Intermedia),170.5388117376715,1000
859,Parada 3 (Intermedia),29.114222481264733,1000
859,Parada 4 (SAN VICENTE),22.73930062598083,1000
861,Parada 4 (SAN VICENTE),23.405406024481636,1000
862,Parada 2 (Intermedia),100.39386957976967,1000
862,Parada 3 (Intermedia),174.0565269755898,1000
862,Parada 4 (SAN VICENTE),108.26608212152496,1000
863,Parada 2 (Intermedia),7.720021677901968,1000
863,Parada 3 (Intermedia),161.30850329180248,1000
863,Parada 4 (SAN VICENTE),339.3385981299798,1000
864,Parada 3 (Intermedia),50.263430522347335,1000
866,Parada 2 (Intermedia),67.67339564871509,1000
866,Parada 3 (Intermedia),140.87790053256322,1000
866,Parada 4 (SAN VICENTE),269.6514515132294,1000
867,Parada 3 (Intermedia),8.040279790642671,1000
868,Parada 2 (Intermedia),0.3337801282177679,1000
868,Parada 4 (SAN VICENTE),125.19631778670009,1000
869,Parada 2 (Intermedia),36.445694877707865,1000
869,Parada 3 (Intermedia),203.11331676034024,1000
869,Parada 4 (SAN VICENTE),355.61595952988137,1000
870,Parada 2 (Intermedia),184.6385028306977,1000
870,Parada 3 (Intermedia),199.6476218380849,1000
870,Parada 4 (SAN VICENTE),61.300138555583544,1000
871,Parada 3 (Intermedia),29.776985081727616,1000
871,Parada 4 (SAN VICENTE),27.073019860195927,1000
872,Parada 2 (Intermedia),159.0467361465562,1000
872,Parada 3 (Intermedia),217.02334751968738,1000
872,Parada 4 (SAN VICENTE),380.91321934293956,1000
873,Parada 2 (Intermedia),115.11352551227901,1000
873,Parada 3 (Intermedia),152.48547106445767,1000
873,Parada 4 (SAN VICENTE),256.34732360357884,1000
875,Parada 2 (Intermedia),115.88543574558571,1000
875,Parada 3 (Intermedia),299.4776993697742,1000
875,Parada 4 (SAN VICENTE),319.8635509207379,1000
876,Parada 2 (Intermedia),152.9658032489242,1000
876,Parada 3 (Intermedia),8.750840478227474,1000
877,Parada 2 (Intermedia),84.48816705343779,1000
877,Parada 3 (Intermedia),199.85046453482937,1000
877,Parada 4 (SAN VICENTE),340.71709527878556,1000
878,Parada 2 (Intermedia),25.72536119329743,1000
878,Parada 3 (Intermedia),36.42802453413606,1000
879,Parada 2 (Intermedia),198.62919677211903,1000
879,Parada 3 (Intermedia),328.453722151462,1000
879,Parada 4 (SAN VICENTE),319.7934448585147,1000
880,Parada 2 (Intermedia),201.6515724209603,1000
880,Parada 3 (Intermedia),400.82925711467396,1000
880,Parada 4 (SAN VICENTE),493.5186779588694,1000
881,Parada 2 (Intermedia),176.99632500379812,1000
881,Parada 3 (Intermedia),205.42129471350927,1000
881,Parada 4 (SAN VICENTE),254.66905929218046,1000
882,Parada 2 (Intermedia),7.374241509940475,1000
882,Parada 3 (Intermedia),95.65393807145301,1000
882,Parada 4 (SAN VICENTE),25.89143021334894,1000
883,Parada 2 (Intermedia),135.06131571729202,1000
883,Parada 3 (Intermedia),295.52684919477906,1000
883,Parada 4 (SAN VICENTE),498.6145673125284,1000
884,Parada 3 (Intermedia),117.67438778688665,1000
884,Parada 4 (SAN VICENTE),308.06636988336686,1000
885,Parada 2 (Intermedia),70.21808046114165,1000
885,Parada 4 (SAN VICENTE),38.47275530686602,1000
888,Parada 2 (Intermedia),140.7148823668249,1000
888,Parada 3 (Intermedia),305.1156811376568,1000
888,Parada 4 (SAN VICENTE),350.13583700708114,1000
890,Parada 2 (Intermedia),168.83313100156374,1000
890,Parada 3 (Intermedia),423.09459988295566,1000
890,Parada 4 (SAN VICENTE),468.07317569234874,1000
891,Parada 2 (Intermedia),199.94676486111712,1000
891,Parada 3 (Intermedia),278.5325679490343,1000
891,Parada 4 (SAN VICENTE),327.38266146637034,1000
892,Parada 2 (Intermedia),332.30742927547544,1000
892,Parada 3 (Intermedia),367.73914662073366,1000
892,Parada 4 (SAN VICENTE),213.1345025615301,1000
893,Parada 3 (Intermedia),129.02794168400578,1000
893,Parada 4 (SAN VICENTE),86.07714535633568,1000
894,Parada 2 (Intermedia),119.02627002412919,1000
894,Parada 3 (Intermedia),179.79718566383235,1000
894,Parada 4 (SAN VICENTE),137.1452771218028,1000
895,Parada 4 (SAN VICENTE),86.11287241056561,1000
896,Parada 2 (Intermedia),192.7660309788771,1000
896,Parada 3 (Intermedia),55.797010320588015,1000
896,Parada 4 (SAN VICENTE),163.6995222781552,1000
897,Parada 2 (Intermedia),182.61477699689567,1000
897,Parada 3 (Intermedia),211.858187825419,1000
897,Parada 4 (SAN VICENTE),322.2829957404174,1000
898,Parada 2 (Intermedia),73.88846800208557,1000
899,Parada 3 (Intermedia),1.1368742435006425,1000
900,Parada 2 (Intermedia),112.50851707847323,1000
900,Parada 3 (Intermedia),243.06159171788022,1000
900,Parada 4 (SAN VICENTE),283.07776053762063,1000
901,Parada 2 (Intermedia),205.55961795325857,1000
901,Parada 3 (Intermedia),188.65948599076364,1000
901,Parada 4 (SAN VICENTE),250.26688461226877,1000
902,Parada 2 (Intermedia),89.59035687148571,1000
902,Parada 3 (Intermedia),301.1485264028888,1000
902,Parada 4 (SAN VICENTE),508.6410295671085,1000
903,Parada 2 (Intermedia),174.8233686661115,1000
903,Parada 3 (Intermedia),187.6555660595186,1000
903,Parada 4 (SAN VICENTE),136.06957543233875,1000
904,Parada 2 (Intermedia),157.0680731749162,1000
904,Parada 3 (Intermedia),270.9357632276369,1000
904,Parada 4 (SAN VICENTE),541.6473341449164,1000
906,Parada 2 (Intermedia),121.07477743609343,1000
907,Parada 2 (Intermedia),111.55880669341423,1000
907,Parada 3 (Intermedia),174.2123059707228,1000
907,Parada 4 (SAN VICENTE),346.60160381591413,1000
910,Parada 2 (Intermedia),62.957183007500134,1000
910,Parada 3 (Intermedia),219.8101374352118,1000
910,Parada 4 (SAN VICENTE),341.9118222508114,1000
911,Parada 4 (SAN VICENTE),26.783237164723687,1000
912,Parada 2 (Intermedia),74.37407151667867,1000
913,Parada 3 (Intermedia),129.59721926855855,1000
914,Parada 2 (Intermedia),126.25190443312749,1000
914,Parada 3 (Intermedia),155.56517267343588,1000
914,Parada 4 (SAN VICENTE),133.95908125455026,1000
915,Parada 2 (Intermedia),158.93887237971649,1000
915,Parada 3 (Intermedia),379.7580664640991,1000
915,Parada 4 (SAN VICENTE),496.7388708918588,1000
916,Parada 2 (Intermedia),194.04929407825693,1000
916,Parada 3 (Intermedia),257.42400844278745,1000
916,Parada 4 (SAN VICENTE),191.2876732320292,1000
917,Parada 2 (Intermedia),132.7811603094451,1000
918,Parada 4 (SAN VICENTE),63.43101294687949,1000
919,Parada 2 (Intermedia),106.02425315859728,1000
919,Parada 3 (Intermedia),203.18756365485024,1000
919,Parada 4 (SAN VICENTE),396.6439578657737,1000
921,Parada 4 (SAN VICENTE),98.26458701619413,1000
923,Parada 2 (Intermedia),144.30067069118377,1000
923,Parada 3 (Intermedia),87.46567059576046,1000
923,Parada 4 (SAN VICENTE),211.93949473905377,1000
924,Parada 2 (Intermedia),171.2749172638869,1000
924,Parada 3 (Intermedia),421.0045674815774,1000
924,Parada 4 (SAN VICENTE),548.1316406212281,1000
925,Parada 2 (Intermedia),28.50217707210686,1000
925,Parada 3 (Intermedia),35.682707063737325,1000
925,Parada 4 (SAN VICENTE),243.85351176490076,1000
926,Parada 2 (Intermedia),39.159424850484356,1000
926,Parada 3 (Intermedia),84.72093926579691,1000
926,Parada 4 (SAN VICENTE),201.67428030690644,1000
927,Parada 2 (Intermedia),41.65699766098987,1000
927,Parada 3 (Intermedia),133.81379802816082,1000
929,Parada 2 (Intermedia),35.63152917800471,1000
929,Parada 3 (Intermedia),34.59037241933402,1000
929,Parada 4 (SAN VICENTE),103.92063301533926,1000
930,Parada 3 (Intermedia),79.50103499169927,1000
930,Parada 4 (SAN VICENTE),205.78401969349943,1000
931,Parada 2 (Intermedia),184.15218979679048,1000
931,Parada 3 (Intermedia),336.2635982336942,1000
931,Parada 4 (SAN VICENTE),474.2868574070744,1000
932,Parada 2 (Intermedia),71.69612565508578,1000
932,Parada 3 (Intermedia),226.83519880729727,1000
932,Parada 4 (SAN VICENTE),105.02617525227834,1000
933,Parada 3 (Intermedia),79.63997078489047,1000
933,Parada 4 (SAN VICENTE),132.9172796936473,1000
934,Parada 3 (Intermedia),242.2782232047757,1000
934,Parada 4 (SAN VICENTE),354.65465241577476,1000
936,Parada 4 (SAN VICENTE),33.48469199996907,1000
937,Parada 2 (Intermedia),205.39712210535072,1000
937,Parada 3 (Intermedia),420.63181756052654,1000
937,Parada 4 (SAN VICENTE),387.63265247573145,1000
938,Parada 2 (Intermedia),146.4071619438473,1000
938,Parada 3 (Intermedia),238.1447465014644,1000
938,Parada 4 (SAN VICENTE),129.65162207488902,1000
941,Parada 2 (Intermedia),36.044139973586425,1000
941,Parada 3 (Intermedia),112.99152235628571,1000
941,Parada 4 (SAN VICENTE),194.8100576592842,1000
942,Parada 3 (Intermedia),115.84256422985345,1000
942,Parada 4 (SAN VICENTE),278.3016616025707,1000
943,Parada 2 (Intermedia),88.54643836105242,1000
943,Parada 3 (Intermedia),85.32498949230649,1000
943,Parada 4 (SAN VICENTE),147.92659340100363,1000
945,Parada 2 (Intermedia),228.5193712589098,1000
945,Parada 3 (Intermedia),405.1582160406979,1000
945,Parada 4 (SAN VICENTE),294.39107563660946,1000
947,Parada 2 (Intermedia),224.15577979781665,1000
947,Parada 3 (Intermedia),412.4664576507639,1000
947,Parada 4 (SAN VICENTE),494.5867863011081,1000
948,Parada 2 (Intermedia),181.53900719084777,1000
948,Parada 3 (Intermedia),310.42111956246663,1000
948,Parada 4 (SAN VICENTE),154.9440662433626,1000
949,Parada 2 (Intermedia),201.31448939011898,1000
949,Parada 3 (Intermedia),262.18883539235685,1000
949,Parada 4 (SAN VICENTE),336.0814914278453,1000
950,Parada 3 (Intermedia),121.00113133876584,1000
950,Parada 4 (SAN VICENTE),105.64794788323343,1000
951,Parada 2 (Intermedia),65.21683698915876,1000
952,Parada 4 (SAN VICENTE),52.01325395156164,1000
953,Parada 2 (Intermedia),51.14132088725455,1000
953,Parada 3 (Intermedia),246.32517187611666,1000
953,Parada 4 (SAN VICENTE),430.8149549844675,1000
954,Parada 2 (Intermedia),180.01223691971973,1000
954,Parada 3 (Intermedia),218.76308572723065,1000
954,Parada 4 (SAN VICENTE),187.22307518369053,1000
955,Parada 2 (Intermedia),199.32464091328438,1000
955,Parada 3 (Intermedia),105.21178709471133,1000
956,Parada 2 (Intermedia),199.87360608926974,1000
956,Parada 3 (Intermedia),320.9277758754324,1000
956,Parada 4 (SAN VICENTE),381.7326393610565,1000
957,Parada 3 (Intermedia),60.945429802522995,1000
957,Parada 4 (SAN VICENTE),222.54294733784627,1000
958,Parada 2 (Intermedia),139.30124757974409,1000
958,Parada 3 (Intermedia),113.37719293008558,1000
960,Parada 3 (Intermedia),150.32714553526603,1000
960,Parada 4 (SAN VICENTE),227.12868811551016,1000
961,Parada 2 (Intermedia),211.80925311439205,1000
961,Parada 3 (Intermedia),210.17982499068603,1000
961,Parada 4 (SAN VICENTE),71.68340157717466,1000
962,Parada 2 (Intermedia),192.06839435640723,1000
962,Parada 3 (Intermedia),379.43314953835215,1000
962,Parada 4 (SAN VICENTE),440.4248135932721,1000
963,Parada 2 (Intermedia),36.13766516465694,1000
963,Parada 3 (Intermedia),32.994093353743665,1000
965,Parada 2 (Intermedia),183.59324044152163,1000
965,Parada 3 (Intermedia),301.86964063323103,1000
965,Parada 4 (SAN VICENTE),231.938570923754,1000
966,Parada 2 (Intermedia),107.4516948221717,1000
966,Parada 3 (Intermedia),250.40009323856793,1000
966,Parada 4 (SAN VICENTE),167.20781713409815,1000
968,Parada 2 (Intermedia),227.23676760285161,1000
968,Parada 3 (Intermedia),71.15518559562042,1000
968,Parada 4 (SAN VICENTE),205.83354904386215,1000
969,Parada 2 (Intermedia),251.17780721292365,1000
969,Parada 3 (Intermedia),301.990703071584,1000
969,Parada 4 (SAN VICENTE),387.0917662214488,1000
970,Parada 2 (Intermedia),80.56209141609725,1000
970,Parada 3 (Intermedia),107.66238052211702,1000
970,Parada 4 (SAN VICENTE),187.58096410590224,1000
972,Parada 2 (Intermedia),7.5161462594987825,1000
972,Parada 4 (SAN VICENTE),89.59307818196248,1000
973,Parada 4 (SAN VICENTE),23.12131122755818,1000
975,Parada 2 (Intermedia),206.5127687129425,1000
975,Parada 3 (Intermedia),73.48053563490976,1000
977,Parada 2 (Intermedia),112.35575415100902,1000
977,Parada 3 (Intermedia),204.4981692734873,1000
977,Parada 4 (SAN VICENTE),158.00320367037784,1000
978,Parada 4 (SAN VICENTE),84.98069761495572,1000
979,Parada 2 (Intermedia),72.89992215717211,1000
979,Parada 3 (Intermedia),135.92657625302672,1000
979,Parada 4 (SAN VICENTE),1.8577960926340893,1000
980,Parada 4 (SAN VICENTE),68.77400673320517,1000
981,Parada 2 (Intermedia),229.43413808580954,1000
981,Parada 3 (Intermedia),165.5303192277206,1000
981,Parada 4 (SAN VICENTE),149.90825797000434,1000
982,Parada 2 (Intermedia),101.25823771895375,1000
982,Parada 3 (Intermedia),129.43262687372044,1000
983,Parada 2 (Intermedia),8.296233009314165,1000
983,Parada 4 (SAN VICENTE),39.70110759488307,1000
984,Parada 3 (Intermedia),52.82183067128062,1000
985,Parada 2 (Intermedia),135.3358871000819,1000
985,Parada 4 (SAN VICENTE),110.98144596861675,1000
986,Parada 2 (Intermedia),54.30401606776286,1000
987,Parada 2 (Intermedia),93.91413873655256,1000
987,Parada 3 (Intermedia),280.8039444369497,1000
987,Parada 4 (SAN VICENTE),489.68848524894565,1000
988,Parada 2 (Intermedia),54.789202378015034,1000
988,Parada 3 (Intermedia),120.85253723326605,1000
988,Parada 4 (SAN VICENTE),307.7020467193797,1000
989,Parada 3 (Intermedia),84.62726760900114,1000
990,Parada 2 (Intermedia),97.58901955909096,1000
990,Parada 3 (Intermedia),75.38617024908308,1000
990,Parada 4 (SAN VICENTE),162.76621449610684,1000
991,Parada 2 (Intermedia),129.05119344231207,1000
991,Parada 3 (Intermedia),330.9128400328336,1000
991,Parada 4 (SAN VICENTE),498.15808168496005,1000
992,Parada 3 (Intermedia),148.77812160062604,1000
992,Parada 4 (SAN VICENTE),318.7684987101238,1000
995,Parada 3 (Intermedia),210.6364857585868,1000
995,Parada 4 (SAN VICENTE),152.04341587948147,1000
996,Parada 2 (Intermedia),143.32437348214444,1000
996,Parada 3 (Intermedia),109.04825300187804,1000
996,Parada 4 (SAN VICENTE),54.002774251275696,1000
997,Parada 2 (Intermedia),161.02250480256043,1000
997,Parada 3 (Intermedia),299.349767700769,1000
997,Parada 4 (SAN VICENTE),330.0089037466096,1000
998,Parada 2 (Intermedia),54.473098124726675,1000
998,Parada 3 (Intermedia),126.44225343433209,1000
998,Parada 4 (SAN VICENTE),30.06890202674549,1000
999,Parada 2 (Intermedia),91.456441904651,1000
999,Parada 3 (Intermedia),150.18632731982507,1000
999,Parada 4 (SAN VICENTE),334.933705563657,1000
1001,Parada 3 (Intermedia),102.9017986766994,1000
1001,Parada 4 (SAN VICENTE),226.82097962126136,1000
1002,Parada 2 (Intermedia),194.81601985625457,1000
1002,Parada 3 (Intermedia),323.47982402925845,1000
1002,Parada 4 (SAN VICENTE),245.3245373935206,1000
1004,Parada 2 (Intermedia),124.59657606109977,1000
1004,Parada 3 (Intermedia),312.5042927704053,1000
